update_time,lr,loss/loss,loss/actor_loss,loss/critic_loss,loss/entropy_loss,value/logprob,value/old_action_logprob,value/value,value/return,value/advantage,value/reward,grad/grad_clipped
20,0.001,-0.005778606,-0.0026137047,0.07889964,4.420784,-4.418422,-4.4190373,0.20843086,0.48311615,-4.0978193e-07,0.063636735,0.7066771
41,0.001,-0.033693127,-0.0014714971,0.019093229,4.372812,-4.3622565,-4.3666844,0.59106106,0.5074933,1.0244548e-07,0.065970525,0.41555992
62,0.001,-0.037131935,-0.0016589575,0.011491036,4.3397555,-4.333436,-4.3346877,0.48003656,0.5199418,4.284084e-08,0.06694372,0.14420275
83,0.001,-0.04206967,-0.0041935295,0.008150927,4.383485,-4.368532,-4.3712535,0.4989348,0.50594145,1.4901161e-08,0.066074006,0.1184572
104,0.001,-0.039658528,-0.001498322,0.0082148425,4.400187,-4.390746,-4.392584,0.49567893,0.51021385,7.450581e-09,0.065974265,0.05851047
125,0.001,-0.042913284,-0.0028018062,0.0044087027,4.402151,-4.4088454,-4.4074926,0.49229044,0.50637054,1.5366822e-08,0.06576432,0.09121245
146,0.001,-0.038284417,0.0002765525,0.00515338,4.336099,-4.329039,-4.329813,0.5061845,0.49763814,2.0489097e-08,0.06556792,0.0856254
167,0.001,-0.042082507,-0.0023853704,0.0058453907,4.4172554,-4.4373145,-4.4358454,0.49368542,0.49218798,-1.1175871e-08,0.06502004,0.09273873
188,0.001,-0.043316163,-0.003746136,0.006440154,4.4280734,-4.436087,-4.435524,0.48886147,0.49869823,2.7939677e-08,0.064829,0.09453861
209,0.001,-0.040834006,-0.00051694736,0.0032990735,4.3811264,-4.3861547,-4.385537,0.4966237,0.4947676,1.4901161e-08,0.06412247,0.027629705
230,0.001,-0.040977452,-0.0024612993,0.0033555047,4.2787304,-4.277055,-4.277355,0.5023341,0.49572477,0.0,0.064744316,0.074153066
251,0.001,-0.04291268,-0.0025928654,0.0034645745,4.38094,-4.3772235,-4.377694,0.51731527,0.52847177,-3.7252903e-09,0.06729353,0.096333556
272,0.001,-0.040505517,-0.0008467119,0.0055795116,4.4029155,-4.4340944,-4.432729,0.5095817,0.5144836,-2.6077032e-08,0.06611268,0.05035194
293,0.001,-0.041443437,-0.001765132,0.004778748,4.3835444,-4.3860736,-4.385805,0.50075734,0.50303143,-1.8626451e-08,0.06486645,0.056543883
314,0.001,-0.03966527,0.00030237623,0.0042146347,4.3850703,-4.357803,-4.359733,0.5075857,0.5117463,7.450581e-09,0.0662968,0.048694998
335,0.001,-0.04012069,-0.00069337524,0.0045210747,4.358691,-4.3751874,-4.3742237,0.5159796,0.5156926,7.450581e-09,0.066288166,0.044002444
356,0.001,-0.03954095,-6.0230494e-05,0.003338477,4.330002,-4.2902837,-4.2917285,0.52222425,0.52732587,1.3038516e-08,0.06872728,0.03958877
377,0.001,-0.045561977,-0.0041890144,0.0025404063,4.4083614,-4.405959,-4.40617,0.51132697,0.50608706,5.5879354e-09,0.065608904,0.10905547
398,0.001,-0.039620288,-0.0017872006,0.0056291684,4.2926903,-4.3277965,-4.3253345,0.53220594,0.5380903,-7.450581e-09,0.06898763,0.06549645
419,0.001,-0.0440898,-0.0051380284,0.0032344467,4.2985106,-4.3007226,-4.3003664,0.5051578,0.49566603,3.7252903e-09,0.06579963,0.12376054
440,0.001,-0.042346355,-0.0029661655,0.0030883064,4.3162994,-4.368486,-4.365901,0.5048302,0.4964808,-3.7252903e-09,0.064996734,0.080576085
461,0.001,-0.03920858,-0.0011197403,0.004343367,4.279427,-4.273679,-4.274286,0.5105185,0.51158595,-1.1175871e-08,0.066557705,0.05409587
482,0.001,-0.03978795,-0.0008418225,0.0041444874,4.3174887,-4.3055663,-4.305537,0.5143653,0.493956,-1.8626451e-08,0.06523671,0.09583192
503,0.001,-0.039086305,0.00012911065,0.0027359133,4.2967677,-4.2417955,-4.241585,0.516411,0.5240254,-4.5401976e-09,0.06795949,0.04523981
524,0.001,-0.040382974,-0.0033162655,0.0039406964,4.206194,-4.218395,-4.2179627,0.52208984,0.5231328,1.7229468e-08,0.06725037,0.0939769
545,0.001,-0.040351927,-0.0016540475,0.0025568851,4.253917,-4.272215,-4.2721863,0.52099603,0.51739055,7.450581e-09,0.06819485,0.062059544
566,0.001,-0.041299902,-0.002682128,0.0036559121,4.2721376,-4.277565,-4.277193,0.50696045,0.51962745,1.6763806e-08,0.0664859,0.07114222
587,0.001,-0.036236897,0.00088426145,0.0042341123,4.2078476,-4.2056713,-4.2062964,0.5149199,0.51991355,-1.3504177e-08,0.06722895,0.054993156
608,0.001,-0.03998953,-0.0004990697,0.0027237043,4.3061295,-4.3485537,-4.347727,0.5146218,0.5099846,-7.450581e-09,0.066227116,0.031266276
629,0.001,-0.038261488,-0.0004291106,0.0030972166,4.2209997,-4.084347,-4.08582,0.5207814,0.5298119,2.0489097e-08,0.06840046,0.060364734
650,0.001,-0.039593093,-0.002539862,0.006796149,4.2681003,-4.2980113,-4.2970862,0.5331161,0.52792335,-1.8626451e-08,0.068397686,0.060131833
671,0.001,-0.03974286,-0.001103133,0.003026212,4.2563915,-4.3010664,-4.2995048,0.5163532,0.5143839,1.1175871e-08,0.066678114,0.033166543
692,0.001,-0.04024201,-0.0031252801,0.0035597384,4.1929617,-4.1311493,-4.133364,0.5252526,0.5276635,-1.1175871e-08,0.06847608,0.088251874
713,0.001,-0.036193408,0.0014086962,0.003853775,4.228269,-4.055854,-4.0606422,0.52503765,0.5354973,7.450581e-09,0.069043726,0.08439729
734,0.001,-0.0390599,-0.002849226,0.0043230182,4.154799,-4.21649,-4.2139606,0.5233756,0.50179267,-6.519258e-09,0.06517375,0.095473565
755,0.001,-0.040271588,-0.0028550876,0.0033742322,4.198905,-4.2624965,-4.2608824,0.52347165,0.5295764,-1.1175871e-08,0.069233,0.07763799
776,0.001,-0.038635764,-0.0020950818,0.0048333555,4.1704874,-4.1249094,-4.126385,0.533591,0.52833533,2.0489097e-08,0.06910227,0.06548603
797,0.001,-0.035944827,-7.57426e-05,0.005611525,4.147449,-4.170367,-4.1703396,0.52646965,0.50945216,-1.8626451e-09,0.06632724,0.06373665
818,0.001,-0.03866564,-0.0023658676,0.0035461956,4.1117845,-4.167657,-4.166632,0.5183451,0.5238335,3.7252903e-09,0.066574536,0.08852539
839,0.001,-0.038153052,8.867122e-05,0.002137343,4.1862316,-4.066888,-4.068439,0.5160231,0.5230109,5.5879354e-09,0.06716431,0.040326595
860,0.001,-0.03516924,0.0013090745,0.005521152,4.1901875,-4.1144004,-4.116164,0.53085476,0.5414481,3.7252903e-09,0.06926958,0.07093194
881,0.001,-0.037878923,-7.141754e-05,0.0032385415,4.181997,-4.2312756,-4.2303643,0.54357207,0.52153385,-3.7252903e-09,0.06917153,0.083302945
902,0.001,-0.038846094,-0.0019290969,0.004857155,4.185965,-4.1169615,-4.1187005,0.538531,0.5406575,-2.4214387e-08,0.069817945,0.079502165
923,0.001,-0.03957423,-0.0034445599,0.0026977246,4.071182,-4.096665,-4.095776,0.5196588,0.5179701,-1.4901161e-08,0.067298226,0.06728482
944,0.001,-0.040845998,-0.0052932967,0.0034878622,4.074214,-4.020871,-4.023547,0.5243585,0.52506673,-2.8871e-08,0.067644686,0.069983445
965,0.001,-0.040162392,-0.0036063553,0.0037282752,4.119771,-4.040083,-4.042701,0.5527422,0.5445055,1.4901161e-08,0.07057076,0.084533796
986,0.001,-0.036589775,-0.0016621388,0.005825582,4.11957,-4.0267267,-4.0284557,0.55091715,0.5522144,-1.4901161e-08,0.07073778,0.04758993
1007,0.001,-0.03692623,-0.00088959746,0.005148094,4.1185246,-4.0107584,-4.0126333,0.5598745,0.5451504,0.0,0.071053244,0.06544349
1028,0.001,-0.0376986,-0.002049787,0.0035050216,4.0784154,-4.216863,-4.214911,0.5233796,0.5304183,1.3038516e-08,0.06824328,0.08583326
1049,0.001,-0.037664827,-0.0028963014,0.0048480835,4.0617876,-3.9240634,-3.927674,0.55575794,0.5663753,7.450581e-09,0.07278506,0.073641
1070,0.001,-0.03610347,-0.0013453215,0.0036936481,4.0343976,-3.9633033,-3.9648466,0.55959487,0.5580208,-7.450581e-09,0.07179489,0.03301149
1091,0.001,-0.03676007,-0.0033051828,0.0062462064,4.0138607,-4.1813684,-4.1787357,0.5351397,0.5341017,-2.0489097e-08,0.06765305,0.10266732
1112,0.001,-0.034941703,-0.0009648185,0.002337868,3.955889,-4.015337,-4.014475,0.51217234,0.51921636,2.2351742e-08,0.067433454,0.044619776
1133,0.001,-0.037099723,-0.0010658279,0.0027160202,4.045925,-4.0328975,-4.033452,0.5273757,0.52982193,-5.5879354e-09,0.06843817,0.032395285
1154,0.001,-0.037633285,-0.0033287052,0.0043200525,3.9909987,-3.9432142,-3.9440405,0.5269049,0.5384587,1.0244548e-08,0.06934406,0.090677895
1175,0.001,-0.04033006,-0.006730091,0.005037538,3.996203,-3.889101,-3.8914962,0.537267,0.54343486,1.3038516e-08,0.07027961,0.15561008
1196,0.001,-0.04058641,-0.005389979,0.002569757,4.017152,-3.9972203,-3.9969878,0.5167043,0.509284,7.450581e-09,0.06648075,0.122028396
1217,0.001,-0.035881557,-0.0014096443,0.003602183,3.9829166,-4.001379,-4.0008965,0.5478413,0.55544406,1.1175871e-08,0.07181618,0.048817694
1238,0.001,-0.0338208,-0.00049041957,0.0038361521,3.89498,-3.9077988,-3.9078074,0.55775034,0.53708464,-3.5390258e-08,0.07012421,0.072809175
1259,0.001,-0.034217935,-0.0025954638,0.006095414,3.9224057,-3.9654996,-3.9648333,0.55106044,0.5697837,3.7252903e-08,0.0717519,0.10131495
1280,0.001,-0.03163982,0.00011519715,0.0027598366,3.7845082,-3.8542628,-3.853762,0.5344675,0.533677,-7.450581e-09,0.068588786,0.0466998
1301,0.001,-0.03431467,-0.0004126262,0.0015911896,3.9062274,-3.902158,-3.901158,0.53868985,0.5379131,7.450581e-09,0.06966223,0.03294474
1322,0.001,-0.036471564,-0.0033900454,0.0032037504,3.8802242,-3.96425,-3.9631968,0.5446707,0.5396135,1.6298145e-08,0.07026561,0.11305661
1343,0.001,-0.032403138,-0.00040289806,0.0044033597,3.8503098,-3.7313714,-3.7334604,0.54093677,0.5417628,9.778887e-09,0.07129162,0.02949818
1364,0.001,-0.03449072,-0.0019271895,0.004587382,3.892152,-3.807409,-3.8084679,0.53506887,0.520585,-1.8626451e-09,0.06719675,0.07979325
1385,0.001,-0.034838304,-0.0011115312,0.0028150105,3.9235876,-3.9563491,-3.956181,0.52307373,0.52706635,-1.6298145e-08,0.06864919,0.0772153
1406,0.001,-0.034392744,-0.0022756169,0.003358801,3.824158,-3.8331556,-3.8332806,0.54324085,0.541823,1.8626451e-09,0.07107053,0.060951978
1427,0.001,-0.03545561,-0.0021588076,0.0022167424,3.8530989,-3.7669437,-3.7682805,0.5426407,0.53997827,3.7252903e-09,0.07083596,0.051994834
1448,0.001,-0.032073997,4.824251e-06,0.00338036,3.791681,-3.9037013,-3.9028563,0.5373669,0.5284851,-3.3527613e-08,0.069913946,0.037615627
1469,0.001,-0.032370336,-0.00049894303,0.0037460984,3.799818,-3.8501995,-3.8494759,0.54091585,0.5569488,-1.4901161e-08,0.07166247,0.06654773
1490,0.001,-0.033906933,-0.002067253,0.0037536751,3.8233018,-3.9659822,-3.9640088,0.55292124,0.5512631,1.1175871e-08,0.07129967,0.062359676
1511,0.001,-0.032936744,0.00023864303,0.0024927023,3.8630886,-3.861806,-3.861896,0.55912393,0.56393874,1.1175871e-08,0.072159536,0.050873697
1532,0.001,-0.03138359,5.382113e-05,0.0034364955,3.8114936,-3.7681408,-3.7682092,0.54397595,0.5432808,-9.313226e-09,0.07098969,0.054913945
1553,0.001,-0.03227567,-0.0005530352,0.0038796407,3.7991867,-3.944413,-3.9436545,0.5440462,0.5403269,-1.3038516e-08,0.07008676,0.048755366
1574,0.001,-0.031441577,-0.00029926002,0.004604157,3.8053522,-3.6720836,-3.6732213,0.5567553,0.5630951,-7.450581e-09,0.07285836,0.046755906
1595,0.001,-0.03193087,-0.000991595,0.0037471196,3.8209763,-3.816397,-3.8167653,0.5478119,0.5448384,1.5832484e-08,0.071731195,0.058370844
1616,0.001,-0.033112776,-0.0023781238,0.0038740328,3.7975392,-3.5824764,-3.585331,0.55063343,0.5527253,1.3969839e-08,0.07115153,0.06303551
1637,0.001,-0.030929543,-0.00012857653,0.002610283,3.6904128,-3.7306633,-3.7306802,0.54234314,0.5437968,1.3969839e-08,0.070202276,0.032560073
1658,0.001,-0.031450957,-0.0018824786,0.0033517436,3.6646466,-3.6100159,-3.6107247,0.56095064,0.558376,-9.313226e-09,0.072493725,0.069397174
1679,0.001,-0.03394458,-0.004577731,0.0034595674,3.6459136,-3.502409,-3.5054495,0.55125135,0.55588806,9.313226e-10,0.07150338,0.097621754
1700,0.001,-0.030045044,-0.00072512776,0.0046031093,3.683195,-3.5426087,-3.5442088,0.5510743,0.54592437,-3.3527613e-08,0.07091959,0.043813452
1721,0.001,-0.032364603,-0.0013815537,0.0030436297,3.7542613,-3.768697,-3.768911,0.54368806,0.5510131,-1.3038516e-08,0.070880696,0.04929981
1742,0.001,-0.030935384,-0.00071575306,0.0018770946,3.6513476,-3.7978237,-3.7961826,0.5388546,0.5314386,-7.450581e-09,0.0693532,0.05468217
1763,0.001,-0.035100266,-0.004737124,0.0029348058,3.6330914,-3.7269127,-3.7259216,0.5459647,0.5500066,-2.2351742e-08,0.070723206,0.10269298
1784,0.001,-0.030103454,-0.0005464805,0.0035534133,3.645799,-3.819059,-3.8178465,0.53627926,0.5355793,1.3969839e-08,0.07028322,0.029066896
1805,0.001,-0.030872047,-0.00047559664,0.0036513007,3.6740475,-3.4338298,-3.4342198,0.54013205,0.5353706,-7.450581e-09,0.07014005,0.03727094
1826,0.001,-0.03186494,-0.0023928192,0.0041259583,3.6636598,-3.5344558,-3.5360937,0.5474899,0.5418434,-1.8626451e-09,0.07065913,0.060915027
1847,0.001,-0.02920326,-0.00014199689,0.004275126,3.658148,-3.526844,-3.527638,0.55921686,0.56162465,1.8626451e-08,0.072133526,0.037240364
1868,0.001,-0.029141415,-0.0012076199,0.0045171194,3.5753312,-3.5550385,-3.5549784,0.56728554,0.5783118,2.2351742e-08,0.073499516,0.10548381
1889,0.001,-0.029936297,-0.0014633238,0.0041957544,3.6160226,-3.7495217,-3.7482467,0.57254994,0.5779708,7.450581e-09,0.0737044,0.046164606
1910,0.001,-0.029230649,0.00023480784,0.003671811,3.6225927,-3.8556418,-3.853558,0.5769317,0.5860477,1.6763806e-08,0.07518205,0.06142807
1931,0.001,-0.030183112,-0.0011489289,0.0032386372,3.6424673,-3.6508005,-3.6507778,0.5458181,0.5404966,1.3969839e-08,0.07109121,0.0549102
1952,0.001,-0.031652544,-0.0038583837,0.003266339,3.5487792,-3.5676446,-3.56741,0.5435355,0.55214834,9.313226e-09,0.071409926,0.12145954
1973,0.001,-0.032015834,-0.0033947602,0.002779023,3.5380177,-3.5924907,-3.5919247,0.5746711,0.57052195,-1.4901161e-08,0.07408624,0.109385036
1994,0.001,-0.031726778,-0.0025153905,0.0018383559,3.5648644,-3.4502287,-3.4511425,0.57891446,0.5742403,0.0,0.07382902,0.08747215
2015,0.001,-0.02824227,-0.0013430109,0.004424726,3.530251,-3.363372,-3.364962,0.5520825,0.55959487,-1.6763806e-08,0.07228725,0.045602694
2036,0.001,-0.02994853,-0.0008403044,0.0020297545,3.613669,-3.6724343,-3.6719155,0.552678,0.54671407,1.4901161e-08,0.071209855,0.041156694
2057,0.001,-0.028860945,-0.00047001988,0.0025371485,3.5287466,-3.5591335,-3.5589805,0.5376619,0.54095465,-4.656613e-09,0.07040388,0.050823964
2078,0.001,-0.028450655,-0.0003147088,0.0024944977,3.5514042,-3.7331345,-3.7328844,0.55205506,0.54562914,1.4901161e-08,0.07076148,0.03444348
2099,0.001,-0.029800907,-0.002770584,0.0043234034,3.4191198,-3.6838853,-3.6811454,0.5867956,0.587334,-3.7252903e-09,0.07569888,0.08534031
2120,0.001,-0.02699904,-0.0014171451,0.0059434776,3.4418216,-3.3567078,-3.3575757,0.5815313,0.5770383,-2.9802322e-08,0.07528918,0.050037265
2141,0.001,-0.025418796,0.0011195131,0.003730113,3.4875655,-3.8582,-3.8549407,0.5498829,0.5488941,1.4901161e-08,0.07027505,0.086819865
2162,0.001,-0.028779935,-0.0021037068,0.0045280475,3.4820442,-3.7192392,-3.7171936,0.5570636,0.5645204,3.7252903e-09,0.072753415,0.08781417
2183,0.001,-0.028050084,-0.00082745776,0.0014382354,3.4801617,-3.2659698,-3.26763,0.55851346,0.55256146,-3.7252903e-09,0.071565256,0.04507412
2204,0.001,-0.026869353,-0.0007399563,0.0039778408,3.4604545,-3.5547025,-3.5541449,0.5721164,0.58010304,-1.1175871e-08,0.07399134,0.04707484
2225,0.001,-0.027185328,-0.0007425826,0.0035113085,3.4170036,-3.551883,-3.5508947,0.5593438,0.5698523,2.2351742e-08,0.073045075,0.05172383
2246,0.001,-0.026914973,-0.0012157084,0.004159445,3.4178274,-3.4164772,-3.4163666,0.5708988,0.57627004,-3.7252903e-09,0.073367156,0.05008441
2267,0.001,-0.026507536,-0.0003097357,0.0039622393,3.4569635,-3.3461785,-3.3476462,0.57060516,0.5554725,5.0640665e-09,0.0732827,0.05656922
2288,0.001,-0.02559119,-0.00024076365,0.0041663414,3.3805928,-3.5309668,-3.530205,0.5551389,0.5679715,-2.6077032e-08,0.0725386,0.051568795
2309,0.001,-0.028295828,-0.0017917044,0.0045760055,3.4685872,-3.4697824,-3.4701574,0.574321,0.5800716,5.5879354e-09,0.07402883,0.069855034
2330,0.001,-0.029214961,-0.0038452782,0.0044646654,3.3891938,-3.5656521,-3.5635645,0.56092423,0.553306,-2.2351742e-08,0.07220632,0.0833733
2351,0.001,-0.025782544,-0.00043608993,0.004681702,3.3917518,-3.3233025,-3.3229003,0.5746413,0.5689277,-7.450581e-09,0.0730937,0.064391874
2372,0.001,-0.027658917,-0.0006168373,0.002419514,3.459715,-3.3636215,-3.3634691,0.5567009,0.5636767,-7.450581e-09,0.07201738,0.04679381
2393,0.001,-0.026160948,-0.0009441972,0.0032794918,3.3281965,-3.242042,-3.2423205,0.55424803,0.55616444,5.5879354e-09,0.07284673,0.07197078
2414,0.001,-0.027921436,-0.0016927496,0.0037207305,3.4453304,-3.5526295,-3.5519218,0.55205053,0.5609992,3.7252903e-09,0.07215603,0.08623298
2435,0.001,-0.025629003,-6.1187893e-06,0.0027331756,3.3447409,-3.2821276,-3.2820172,0.57022536,0.55678564,2.2351742e-08,0.07273878,0.052283887
2456,0.001,-0.024581717,0.0008861879,0.0040730927,3.3734953,-3.499138,-3.4986193,0.5581677,0.5547637,9.313226e-10,0.07224621,0.09120813
2477,0.001,-0.02634976,-0.0014521666,0.004594456,3.411431,-3.3814821,-3.3819392,0.56196195,0.55572134,6.0535967e-09,0.072344884,0.063881665
2498,0.001,-0.0263315,-0.00057784095,0.003400944,3.4078772,-3.3551505,-3.3554573,0.5632868,0.5616965,-7.450581e-09,0.072696686,0.025192672
2519,0.001,-0.027897118,-0.0029071579,0.0020313151,3.2901692,-3.3073814,-3.3074331,0.55252075,0.547068,2.514571e-08,0.071946114,0.1386526
2540,0.001,-0.025302127,-0.0016752379,0.005037019,3.305079,-3.3077824,-3.3078146,0.578984,0.57363504,-1.8626451e-09,0.07433215,0.07683126
2561,0.001,-0.02536424,-0.0009845942,0.0035285722,3.3268723,-3.529125,-3.5272622,0.54067737,0.5464177,-3.3527613e-08,0.07111549,0.04371444
2582,0.001,-0.02602587,-0.00082408264,0.0017994024,3.251599,-3.44986,-3.448822,0.53748596,0.5360199,1.1175871e-08,0.07004844,0.053331286
2603,0.001,-0.024860406,-0.0010066144,0.0035314076,3.2504957,-3.3384864,-3.3378773,0.5606714,0.5619026,-1.8626451e-08,0.07253668,0.06431393
2624,0.001,-0.022846505,-0.00097236596,0.005188901,3.1601007,-2.8712654,-2.8731549,0.5781426,0.57805383,2.4214387e-08,0.0745616,0.06243546
2645,0.001,-0.024712212,-0.00046066009,0.00291889,3.2535203,-3.3278596,-3.327029,0.549631,0.54777443,0.0,0.07163345,0.034070965
2666,0.001,-0.025863126,-0.00045253336,0.0023135378,3.3980098,-3.2055461,-3.2051127,0.56824183,0.56107664,0.0,0.0725601,0.07315854
2687,0.001,-0.026159354,-0.0025716275,0.0028849514,3.218731,-3.215413,-3.21542,0.568025,0.5592427,3.7252903e-09,0.07352528,0.07357629
2708,0.001,-0.024234174,-7.792562e-05,0.0038246973,3.283262,-3.4585047,-3.4577014,0.5685456,0.5725178,-4.4703484e-08,0.074722245,0.03910421
2729,0.001,-0.024128314,-0.0002458915,0.0041776616,3.238892,-3.1074822,-3.1073427,0.5720744,0.58183855,-1.1175871e-08,0.07414667,0.039932698
2750,0.001,-0.02484609,-0.0008144751,0.0046457206,3.2643547,-3.1682074,-3.1688817,0.5771628,0.5760869,2.2351742e-08,0.07448502,0.03016581
2771,0.001,-0.026355451,-0.0015802863,0.0040400256,3.2734494,-3.1956584,-3.1963167,0.56163955,0.56926197,1.6298145e-08,0.073346555,0.050190687
2792,0.001,-0.025124963,-0.0023158863,0.003597958,3.1330717,-3.0813293,-3.082149,0.5616573,0.5601537,-1.3969839e-08,0.0725286,0.04580843
2813,0.001,-0.023565255,-0.00034344662,0.0030506104,3.185409,-3.1692228,-3.1694074,0.5726683,0.57663655,3.7252903e-09,0.07360679,0.028263107
2834,0.001,-0.023919988,-0.00041826488,0.0036793042,3.198365,-3.4594164,-3.458188,0.5631463,0.5666197,-8.381903e-09,0.07267769,0.04996378
2855,0.001,-0.026180545,-0.0010951068,0.0015422825,3.242426,-3.337112,-3.3367348,0.56410456,0.5668159,1.1175871e-08,0.0734472,0.0689273
2876,0.001,-0.023215625,-0.00019829348,0.0027693838,3.1664805,-2.751115,-2.752618,0.57087266,0.560398,-1.8626451e-09,0.07321882,0.045544103
2897,0.001,-0.028028067,-0.005212874,0.004006844,3.2037156,-3.1638207,-3.164488,0.5796414,0.5738633,2.0489097e-08,0.074349545,0.116951436
2918,0.001,-0.02605127,-0.0034518521,0.0030853003,3.084749,-3.3822856,-3.378571,0.54205585,0.55746984,1.4901161e-08,0.07197238,0.10517204
2939,0.001,-0.023432225,-0.00015296414,0.0033221566,3.2126675,-2.9504569,-2.9524217,0.5883519,0.58484006,3.7252903e-09,0.07458573,0.02836887
2960,0.001,-0.023397261,-0.0012741499,0.003704992,3.1348543,-3.1245983,-3.124374,0.5702328,0.57640636,1.4901161e-08,0.073836006,0.06092695
2981,0.001,-0.02177741,-0.00043759122,0.005233717,3.1496818,-2.8991668,-2.9007378,0.6014456,0.60507697,-1.9557774e-08,0.07731065,0.04656675
3002,0.001,-0.023697685,-0.00056347996,0.0024785018,3.1899354,-3.056292,-3.0567575,0.5374686,0.5529542,-3.4458935e-08,0.07180056,0.061753113
3023,0.001,-0.022172147,-0.00061427616,0.004829476,3.133871,-3.3154798,-3.315517,0.5644794,0.5583111,-1.6763806e-08,0.07303479,0.058390275
3044,0.001,-0.02348567,-0.00092474744,0.0028700393,3.150797,-3.1714406,-3.1712966,0.5456071,0.54911476,1.1175871e-08,0.07072431,0.041180816
3065,0.001,-0.022932287,-0.00123687,0.003602489,3.0176713,-2.9122224,-2.9122334,0.57700104,0.5674106,1.21071935e-08,0.07311588,0.077273935
3086,0.001,-0.02257618,-0.00039793923,0.003529842,3.131448,-3.2125595,-3.2128713,0.59116167,0.5819096,-2.7939677e-08,0.076199725,0.052823763
3107,0.001,-0.02343506,-0.0009458959,0.0043540583,3.176875,-3.1718283,-3.1719491,0.5936976,0.592944,0.0,0.07727865,0.052462798
3128,0.001,-0.02280584,0.00023594568,0.0015884632,3.1340604,-3.0635495,-3.064099,0.5659203,0.56377614,2.3283064e-09,0.072929494,0.054167848
3149,0.001,-0.02233389,0.000418555,0.0025884642,3.1458964,-3.120158,-3.1203847,0.5854855,0.5803255,-1.1175871e-08,0.075711854,0.043208633
3170,0.001,-0.02158437,9.2503615e-05,0.0030266847,3.0279381,-3.180212,-3.179812,0.58178276,0.5781803,2.3283064e-08,0.07480115,0.051623814
3191,0.001,-0.022823868,-0.0011349954,0.003961149,3.061695,-3.1917834,-3.1910267,0.5688866,0.5828776,-9.313226e-09,0.07504866,0.0614784
3212,0.001,-0.022604806,-3.949087e-05,0.002674871,3.1461198,-3.2531862,-3.2529855,0.57569396,0.5746304,-6.519258e-09,0.07406463,0.037427958
3233,0.001,-0.023525257,-0.00094463676,0.0028136056,3.0793915,-3.1709032,-3.170875,0.57711256,0.5815854,3.3527613e-08,0.07448317,0.051372405
3254,0.001,-0.02201195,-0.0003365921,0.0035866627,3.0708141,-2.9672475,-2.9671385,0.5605638,0.56196404,-8.381903e-09,0.07296167,0.029454945
3275,0.001,-0.020799965,-0.0009483695,0.006917813,3.047432,-2.9990995,-2.999489,0.6041581,0.58855945,-1.8626451e-08,0.076216474,0.08176701
3296,0.001,-0.023391291,-0.0023829937,0.0035352542,3.013629,-3.3253834,-3.3239532,0.5648874,0.5559718,-1.4901161e-08,0.07332915,0.09833331
3317,0.001,-0.021990154,-0.00092496723,0.004696574,3.0901444,-3.3615127,-3.3604553,0.5524949,0.561899,1.1175871e-08,0.072515324,0.06406151
3338,0.001,-0.020511478,9.631738e-05,0.0039986954,3.047731,-3.0357683,-3.035953,0.577565,0.5663205,-1.8626451e-08,0.07430056,0.054628704
3359,0.001,-0.020618442,0.0002442617,0.003426629,2.9476767,-2.9241428,-2.9243164,0.5502392,0.5593887,0.0,0.071562216,0.04940193
3380,0.001,-0.021401921,-0.001807455,0.0044962256,2.952439,-3.289338,-3.2868977,0.58816403,0.5760787,7.450581e-09,0.0743072,0.064306274
3401,0.001,-0.022547496,-0.0014696829,0.005525803,3.100867,-2.8607414,-2.8616505,0.57897544,0.58962667,1.21071935e-08,0.07566572,0.070876285
3422,0.001,-0.019478686,-0.0005420414,0.005446832,2.9339185,-3.001357,-3.001211,0.5802062,0.5708772,-5.5879354e-09,0.07458781,0.04961838
3443,0.001,-0.021551952,-0.00059424713,0.0034693878,3.0082765,-2.857396,-2.8577173,0.5888562,0.57554555,1.1175871e-08,0.07534033,0.061328888
3464,0.001,-0.02107303,-0.00065913517,0.0053273262,3.0481393,-3.0590475,-3.0587761,0.60879374,0.5867108,-2.7939677e-09,0.077924855,0.09271528
3485,0.001,-0.020800859,-0.00082472805,0.0037365695,2.9336705,-2.9356964,-2.935546,0.5656673,0.56399983,-1.8626451e-09,0.07372946,0.03604137
3506,0.001,-0.021574894,-0.00090920925,0.004222212,2.995955,-2.9984424,-2.9983706,0.5610455,0.5645454,-7.450581e-09,0.07331293,0.050877634
3527,0.001,-0.022055224,-0.0011579953,0.0027347878,2.979882,-3.224279,-3.2232165,0.56411374,0.5504417,-1.8626451e-08,0.07279177,0.061395224
3548,0.001,-0.021737752,-0.00022682408,0.0023665798,2.9871879,-3.2069607,-3.2061424,0.55597913,0.55461437,1.3504177e-08,0.07211509,0.02298125
3569,0.001,-0.020637766,-0.0001720339,0.002576614,2.8877263,-3.1295407,-3.128852,0.5711849,0.56419265,2.6077032e-08,0.07359138,0.03769536
3590,0.001,-0.02120765,-0.00020371377,0.0031587658,2.9915056,-2.9131527,-2.9132786,0.5729977,0.57095295,-3.7252903e-09,0.073974684,0.039785307
3611,0.001,-0.019834418,-0.0008281693,0.0065004746,3.0406275,-2.955302,-2.9557323,0.5708185,0.58068,-2.2351742e-08,0.07433623,0.0572343
3632,0.001,-0.021724345,-9.980053e-06,0.0030918992,3.114058,-3.1624687,-3.1632738,0.54741514,0.5453294,3.7252903e-09,0.07118999,0.026695222
3653,0.001,-0.021156983,-0.0006720722,0.0035022176,2.9741066,-2.7327569,-2.7335637,0.58787376,0.58579123,-7.450581e-09,0.07562945,0.037170105
3674,0.001,-0.021313751,-0.0001792917,0.0034902692,3.0603254,-3.0704532,-3.07065,0.5890586,0.5795212,-2.142042e-08,0.0758833,0.053732526
3695,0.001,-0.02022165,-0.0007083751,0.005428958,3.0218887,-2.8722699,-2.872682,0.5890201,0.5983697,1.8626451e-09,0.07637069,0.052780017
3716,0.001,-0.019572806,-0.0012918599,0.006306222,2.8899856,-2.8012192,-2.8017805,0.57840884,0.5839614,3.7252903e-09,0.07488022,0.050422598
3737,0.001,-0.020647494,-0.00057071075,0.0060861977,3.0725176,-3.079532,-3.0796607,0.5927521,0.5804563,1.8626451e-08,0.075417966,0.0671184
3758,0.001,-0.020356243,-0.00045450777,0.0050445865,3.027691,-2.9321432,-2.9322302,0.5677339,0.5616665,-1.1175871e-08,0.073441796,0.03561047
3779,0.001,-0.020854555,-0.00034157187,0.0023175722,2.8864272,-2.830257,-2.8303027,0.5460595,0.5437424,7.450581e-09,0.07105777,0.027964251
3800,0.001,-0.021356873,-0.001322791,0.0031726605,2.9002295,-2.7277865,-2.7282457,0.5750816,0.5727587,-1.4901161e-08,0.07368599,0.04937427
3821,0.001,-0.022597268,-0.0014612656,0.003012668,3.0643456,-2.9665148,-2.9675405,0.5683999,0.5755297,-8.381903e-09,0.07379523,0.04866572
3842,0.001,-0.022014134,-0.00087735057,0.0026942694,2.9870365,-2.958976,-2.9590871,0.5546967,0.57073146,3.7252903e-08,0.073345274,0.06894603
3863,0.001,-0.019790815,-5.3029507e-05,0.0035359424,2.912444,-3.0368543,-3.0369694,0.57831645,0.5779134,-1.8626451e-08,0.07483521,0.01877954
3884,0.001,-0.018838098,-9.725522e-05,0.0035707366,2.8428774,-2.6540053,-2.6543071,0.58037287,0.57331,-2.3283064e-08,0.0747857,0.03596934
3905,0.001,-0.021787193,-0.0021317718,0.0050378568,2.9769015,-2.9935927,-2.993541,0.55117106,0.5649396,6.0535967e-09,0.07217129,0.07366726
3926,0.001,-0.020536337,-0.0007874891,0.0027173704,2.8841896,-3.0375123,-3.037506,0.58129543,0.5712893,-1.4901161e-08,0.07422082,0.0593288
3947,0.001,-0.019857097,-0.0024548937,0.0043419464,2.736629,-3.1056292,-3.103352,0.5557097,0.5575576,8.381903e-09,0.072653234,0.07603227
3968,0.001,-0.019176891,-0.0005042851,0.0039969413,2.832147,-3.0515335,-3.050724,0.5785179,0.57735974,4.656613e-09,0.07401665,0.03764688
3989,0.001,-0.018684722,-0.00092224777,0.0043948274,2.7852898,-2.9122212,-2.911717,0.56142217,0.55450004,0.0,0.07242382,0.048526537
4010,0.001,-0.018184941,-0.00033670478,0.0038516324,2.7842913,-2.9748626,-2.9743874,0.57704836,0.5667343,-1.1175871e-08,0.07398909,0.046523154
4031,0.001,-0.02051182,-0.00075148605,0.0038179085,2.944307,-3.0346842,-3.034261,0.5773107,0.5827465,-1.8626451e-09,0.07524242,0.044275265
4052,0.001,-0.019420689,-0.00017550588,0.0037941532,2.8496728,-2.8894813,-2.889248,0.5804333,0.5701636,-3.3527613e-08,0.07470457,0.04656857
4073,0.001,-0.020746786,-0.00036512688,0.0021931932,2.9067793,-3.0363157,-3.0360713,0.5631181,0.5583576,-9.313226e-09,0.07280879,0.035531566
4094,0.001,-0.018973785,0.00014611427,0.003481374,2.7742505,-2.748323,-2.7484248,0.56254315,0.5552209,5.5879354e-09,0.072802566,0.031054279
4115,0.001,-0.020175137,-0.00013732351,0.0036594013,2.944407,-2.8942404,-2.8937988,0.5620344,0.5637535,-1.8626451e-09,0.072594725,0.03422914
4136,0.001,-0.020148166,9.816419e-05,0.0030685607,2.9841318,-2.9840438,-2.9836984,0.59313977,0.58236283,2.142042e-08,0.07568653,0.042502947
4157,0.001,-0.019600982,-0.0011639893,0.0045241145,2.8553572,-2.9988573,-2.9985552,0.5742092,0.5862828,2.2351742e-08,0.07458465,0.07602084
4178,0.001,-0.023487749,-0.005498318,0.0029599227,2.7657971,-3.0785627,-3.0758083,0.57563996,0.56541574,1.1175871e-08,0.07506591,0.12487671
4199,0.001,-0.017024979,-0.00090103224,0.0041234684,2.598674,-2.6633072,-2.6627116,0.59698564,0.5942952,-3.7252903e-09,0.07723218,0.054251
4220,0.001,-0.01938162,-0.0009772945,0.003203487,2.7430906,-2.799066,-2.7989814,0.56227523,0.5643939,9.313226e-09,0.07360555,0.04608077
4241,0.001,-0.0194119,-0.00072773173,0.0046725273,2.897056,-2.9534652,-2.9538703,0.5595884,0.5747151,1.1175871e-08,0.07375226,0.063084185
4262,0.001,-0.017942298,-0.0013634413,0.004400184,2.6766484,-2.8936954,-2.893192,0.5898925,0.58660823,7.450581e-09,0.07542635,0.06033773
4283,0.001,-0.019813783,-0.0010353364,0.0030677887,2.758375,-2.687122,-2.686866,0.57668036,0.57535964,-1.6763806e-08,0.075447634,0.06378426
4304,0.001,-0.018977912,-0.0007081032,0.0037127335,2.8046408,-2.7250595,-2.725043,0.57608926,0.5790013,-1.4901161e-08,0.07453333,0.05536088
4325,0.001,-0.017903097,-0.00043303333,0.0049248026,2.793625,-2.8318586,-2.8319952,0.58920246,0.5813254,1.8626451e-09,0.07538446,0.05122826
4346,0.001,-0.018267076,-0.0010480601,0.0037800926,2.726463,-2.731601,-2.7318363,0.55718535,0.555902,9.313226e-10,0.07241639,0.050615683
4367,0.001,-0.016488131,-0.00030531362,0.0047872593,2.7094407,-2.6634607,-2.663951,0.5721899,0.5708298,1.7695129e-08,0.07431576,0.039078016
4388,0.001,-0.020541526,-0.0013889894,0.0035202948,2.8947861,-2.962189,-2.961111,0.5824067,0.5719629,3.7252903e-08,0.07444708,0.054047722
4409,0.001,-0.019248825,-0.002997443,0.004821923,2.655936,-2.8701508,-2.8688588,0.58268964,0.58018184,7.450581e-09,0.07453288,0.09001543
4430,0.001,-0.01725506,-0.00011643302,0.0035463823,2.6905637,-2.7865589,-2.7861924,0.5564567,0.5716405,-5.5879354e-09,0.07357989,0.053663015
4451,0.001,-0.020248484,-0.0027604997,0.0032291126,2.7092597,-2.9172592,-2.9157333,0.58417565,0.57248473,-3.7252903e-08,0.07484153,0.098182164
4472,0.001,-0.021325927,-0.0032504909,0.0032471432,2.7709873,-2.7151418,-2.7152867,0.55973285,0.579111,-1.4901161e-08,0.07372666,0.09976167
4493,0.001,-0.017913718,-0.0008675549,0.0048057633,2.8119104,-2.5927894,-2.5940573,0.5846682,0.5977181,-2.0489097e-08,0.07601881,0.053591236
4514,0.001,-0.016770821,-0.0008112611,0.0042848764,2.6317034,-2.5745246,-2.5747886,0.59385425,0.58536863,-3.1664968e-08,0.07640866,0.045050286
4535,0.001,-0.01899323,-0.0007715374,0.0027788319,2.7902756,-2.7680106,-2.7676651,0.5687676,0.56892014,-2.2351742e-08,0.07418029,0.03801915
4556,0.001,-0.017987482,-0.0004906119,0.0034080108,2.7377317,-2.6530817,-2.652968,0.60155386,0.59861016,-4.8894435e-09,0.077166565,0.037505284
4577,0.001,-0.01669474,-5.7198107e-05,0.0025580865,2.6401978,-2.327952,-2.3286436,0.5591186,0.5656666,1.4901161e-08,0.07382841,0.032136478
4598,0.001,-0.017611109,-0.00013607368,0.0031475779,2.6855044,-2.5970504,-2.5967298,0.56569177,0.5641035,1.8626451e-09,0.07353928,0.02395672
4619,0.001,-0.017206669,-0.0003235275,0.0045300513,2.7203958,-2.7523022,-2.7521558,0.57723963,0.58998907,-7.450581e-09,0.07573712,0.051720403
4640,0.001,-0.019062681,-0.0011568405,0.0036718084,2.778534,-2.803966,-2.803769,0.59296846,0.5676483,5.2154064e-08,0.07456875,0.10269068
4661,0.001,-0.016707323,-0.0004628785,0.0027091573,2.590732,-2.8496828,-2.8490374,0.58916986,0.58102953,-1.8626451e-08,0.07599817,0.046144202
4682,0.001,-0.016915407,-0.0010835566,0.0025675523,2.5140269,-2.5480485,-2.5479932,0.58185315,0.5900417,8.381903e-09,0.075970575,0.044753324
4703,0.001,-0.018577715,-0.00020679832,0.0015769174,2.760496,-2.5594792,-2.5604,0.57034063,0.57418096,-1.8626451e-08,0.074632086,0.02267424
4724,0.001,-0.014992598,-0.00012870505,0.0047976538,2.588281,-2.8070743,-2.807323,0.59641814,0.57606727,3.3527613e-08,0.07543522,0.08103658
4745,0.001,-0.015545115,-0.0007740399,0.004588978,2.4959934,-2.4040337,-2.404077,0.60899913,0.59464663,-2.7939677e-09,0.07737462,0.0678966
4766,0.001,-0.016872603,-0.0005087778,0.0036686321,2.653172,-2.6726742,-2.6730018,0.56476766,0.5788531,1.6763806e-08,0.07380067,0.062146574
4787,0.001,-0.016305808,-0.00014593452,0.004292912,2.6884053,-3.1503017,-3.1506057,0.5838671,0.57331896,2.2351742e-08,0.0746883,0.039817076
4808,0.001,-0.015235409,-0.00055841357,0.0044970564,2.569672,-2.2956254,-2.296015,0.5959699,0.59394526,5.5879354e-09,0.07639578,0.028257772
4829,0.001,-0.016188879,-0.0001539588,0.0032540087,2.595924,-2.4826436,-2.4826887,0.5616,0.5702707,-3.7252903e-09,0.07487787,0.043341234
4850,0.001,-0.017382313,-0.00056321546,0.004284404,2.7338867,-2.763057,-2.7627778,0.5777946,0.569541,3.7252903e-09,0.07485707,0.047789164
4871,0.001,-0.01574346,-0.0001998283,0.0059101535,2.693638,-2.5438948,-2.542988,0.59637356,0.59632915,-1.8626451e-09,0.07667265,0.015866669
4892,0.001,-0.016159203,-0.00046090037,0.0030820034,2.5993078,-2.5512216,-2.5509868,0.5793729,0.572581,7.450581e-09,0.074946895,0.041503
4913,0.001,-0.017455788,-0.000665145,0.0020094663,2.5726695,-2.87102,-2.8709154,0.56531405,0.5679728,0.0,0.0738858,0.04031641
4934,0.001,-0.018567882,-0.0009907596,0.0024352078,2.7022135,-2.7648244,-2.764817,0.5711354,0.57310015,-1.4901161e-08,0.07355524,0.062432107
4955,0.001,-0.014628266,3.3874065e-05,0.0058021676,2.5949934,-2.2866638,-2.2863226,0.5948815,0.60432786,1.8626451e-09,0.0773527,0.036852468
4976,0.001,-0.016459424,-0.0007261783,0.0025712284,2.554223,-2.704783,-2.7048233,0.55533266,0.56017673,3.7252903e-09,0.072704,0.03323016
4997,0.001,-0.018188778,-0.0006958619,0.003920088,2.8162525,-2.5852666,-2.586402,0.58086157,0.58392185,1.4901161e-08,0.074462846,0.03511511
5018,0.001,-0.018325124,-0.00030535925,0.0033247836,2.7880423,-3.117903,-3.118246,0.6010691,0.60483253,3.7252903e-09,0.07748787,0.04921382
5039,0.001,-0.016409196,-7.103849e-05,0.0042632236,2.6668704,-2.392115,-2.3915262,0.57254094,0.56792337,2.7939677e-09,0.0743807,0.020518977
5060,0.001,-0.016963543,-0.00020427722,0.0025980766,2.6286838,-2.4282944,-2.4281633,0.5780458,0.5755684,-1.8626451e-09,0.07479222,0.031126698
5081,0.001,-0.016547238,-0.0001234021,0.0024764505,2.6122034,-2.4863827,-2.4863403,0.5699688,0.57075775,0.0,0.07331721,0.04501762
5102,0.001,-0.017658047,-0.00041761994,0.0033205058,2.7122262,-2.675704,-2.6758893,0.58393544,0.58239067,1.1175871e-08,0.07520622,0.034196477
5123,0.001,-0.01513562,-0.0006169118,0.005552253,2.5206087,-2.4191244,-2.4194717,0.6284937,0.6087969,4.4703484e-08,0.07958678,0.07620524
5144,0.001,-0.01655862,-0.0007056147,0.0025971208,2.5227578,-2.7207537,-2.7197568,0.56298244,0.56512666,2.4214387e-08,0.07324871,0.038574886
5165,0.001,-0.01746983,-0.001211565,0.0039171525,2.6539967,-2.717936,-2.7176008,0.5835588,0.59783393,2.2351742e-08,0.077368714,0.06960597
5186,0.001,-0.016553104,-0.0011805184,0.0036722198,2.5565188,-2.6666057,-2.6662421,0.57834446,0.58524215,-2.4214387e-08,0.0752911,0.055523764
5207,0.001,-0.018391317,-0.00048798136,0.0027946222,2.7681124,-2.617361,-2.6182022,0.60642713,0.6063871,-1.8626451e-09,0.07737268,0.035419933
5228,0.001,-0.018770963,-0.0010959245,0.002531894,2.7495477,-2.6613808,-2.6610248,0.57630223,0.57372135,-1.8626451e-09,0.07482715,0.06863647
5249,0.001,-0.01638472,-0.0009508915,0.0027523648,2.479481,-2.4911368,-2.4912195,0.5661188,0.5768467,-2.2351742e-08,0.07445668,0.055200323
5270,0.001,-0.015404512,0.00038303062,0.0028344318,2.5093975,-2.47398,-2.4741688,0.56894237,0.56811357,-1.8626451e-08,0.07388855,0.046003193
5291,0.001,-0.016474772,-0.0009855777,0.003740139,2.5498357,-2.858912,-2.85774,0.59494406,0.6054856,3.7252903e-09,0.07746133,0.056422282
5312,0.001,-0.015909404,-0.00075306743,0.0047862134,2.5608938,-2.4617295,-2.4622698,0.58018714,0.5932222,1.3038516e-08,0.07512613,0.05287782
5333,0.001,-0.014808414,-0.00013453141,0.0045918,2.5193434,-2.3963008,-2.3958917,0.6006196,0.60313475,-1.8626451e-09,0.07706517,0.026656622
5354,0.001,-0.016072351,-0.00014854595,0.0034697556,2.619731,-2.5837855,-2.5836644,0.56343925,0.565158,-1.4901161e-08,0.07338606,0.030408846
5375,0.001,-0.01807543,-0.00082340837,0.0023369517,2.684501,-2.6194165,-2.6195755,0.59463364,0.5862337,-1.1175871e-08,0.076593265,0.04851883
5396,0.001,-0.017043944,-0.00095107034,0.003354611,2.5081568,-2.60817,-2.6083097,0.5680584,0.5847802,4.4703484e-08,0.07461285,0.075377695
5417,0.001,-0.015026704,-0.0005100509,0.007416344,2.6385252,-2.255434,-2.2549376,0.5965144,0.60971063,1.3038516e-08,0.0773529,0.051102698
5438,0.001,-0.017121442,-0.00033712015,0.002654669,2.6245482,-2.6458352,-2.6458647,0.58195674,0.56846684,0.0,0.074076146,0.050472107
5459,0.001,-0.016859103,-0.0013643783,0.0049902014,2.6310933,-2.6381435,-2.6379955,0.57253647,0.5772855,-1.4901161e-08,0.07510976,0.066123806
5480,0.001,-0.016481552,-0.0010946039,0.004450199,2.6124961,-2.5788884,-2.5789971,0.6058986,0.59287024,1.8626451e-09,0.07709185,0.05958853
5501,0.001,-0.0173078,-0.0002049841,0.0024113562,2.6775618,-2.4088836,-2.4095929,0.5976008,0.58687234,7.450581e-09,0.077104084,0.038867347
5522,0.001,-0.017004468,-0.00049037114,0.003479691,2.665321,-2.4442027,-2.44447,0.5709393,0.5803968,2.6077032e-08,0.07466918,0.052967355
5543,0.001,-0.015659904,-0.00063966215,0.003137854,2.4354637,-2.5176513,-2.517436,0.59485483,0.5969449,-3.3527613e-08,0.07701557,0.028756678
5564,0.001,-0.017529843,-0.0017460603,0.00461665,2.6274698,-2.5305626,-2.5308366,0.56786036,0.562579,-1.071021e-08,0.07303048,0.058727194
5585,0.001,-0.015746463,-0.0009410996,0.0041337637,2.5446472,-2.4562392,-2.4560192,0.5688988,0.5745701,0.0,0.07418139,0.04765132
5606,0.001,-0.01438047,-0.0005497411,0.0055344095,2.4978056,-2.8406792,-2.8406222,0.5902541,0.58774084,-3.7252903e-09,0.07570118,0.039940212
5627,0.001,-0.016376883,-0.00040847994,0.0022339728,2.541873,-2.752995,-2.7530818,0.5563617,0.5466454,-1.8626451e-09,0.07076438,0.04788488
5648,0.001,-0.016488884,-0.0012287111,0.004669916,2.6199756,-2.606478,-2.6066518,0.5632921,0.57121104,-8.8475645e-09,0.072903,0.06616772
5669,0.001,-0.016894866,0.000119760865,0.0020993575,2.6294599,-2.5229256,-2.5225892,0.5782513,0.5739166,8.381903e-09,0.0740118,0.0282344
5690,0.001,-0.014599544,0.00015977584,0.004520553,2.571631,-2.3721457,-2.37294,0.5733365,0.57209325,-2.9802322e-08,0.074699946,0.035812687
5711,0.001,-0.016866585,-0.00032900833,0.0021183474,2.593662,-2.371065,-2.371752,0.5863865,0.5881772,-1.3038516e-08,0.07652583,0.02239089
5732,0.001,-0.014681195,-0.0008853823,0.0036342177,2.3698459,-2.2223861,-2.222739,0.5788471,0.58799374,-2.9802322e-08,0.07492332,0.069609955
5753,0.001,-0.015638508,-0.00019536912,0.0027721352,2.5224266,-2.7176828,-2.7176862,0.5698012,0.5737637,-1.3038516e-08,0.074071065,0.025557622
5774,0.001,-0.01752469,-0.0002435334,0.003635887,2.7883148,-2.9656222,-2.9658966,0.57899827,0.5734469,-1.4901161e-08,0.07499217,0.036717605
5795,0.001,-0.015076921,-0.0007468704,0.0063377395,2.5007548,-2.557068,-2.5569062,0.58256155,0.5704224,7.450581e-09,0.07489652,0.06755772
5816,0.001,-0.018212978,-0.00051968545,0.0032398838,2.806467,-2.5711744,-2.572167,0.5845821,0.5768423,2.2351742e-08,0.075219035,0.03578281
5837,0.001,-0.014954215,-6.463844e-05,0.004944739,2.5860636,-2.517717,-2.517356,0.5795461,0.575591,1.4901161e-08,0.07481347,0.032203708
5858,0.001,-0.018193025,-0.0014203861,0.002004273,2.6228228,-2.4702458,-2.4705098,0.56601024,0.5711983,-4.656613e-09,0.073646605,0.058652133
5879,0.001,-0.013348414,-0.0004145652,0.0064870506,2.4273236,-2.461721,-2.4616575,0.58388716,0.58936536,1.4901161e-08,0.0763828,0.06740289
5900,0.001,-0.017564693,-0.001807712,0.0023795855,2.4795723,-2.6834366,-2.682275,0.6058102,0.6093302,-1.4901161e-08,0.078337416,0.052310776
5921,0.001,-0.01472278,0.00022605341,0.0026559504,2.4299827,-2.162309,-2.1638057,0.5773027,0.5784293,-7.916242e-09,0.07515212,0.041536834
5942,0.001,-0.015816696,-0.0012740698,0.00341756,2.4497077,-2.5133257,-2.5124857,0.5777263,0.5909076,1.8626451e-09,0.07586519,0.09553968
5963,0.001,-0.017550243,-0.00046307594,0.0031389766,2.745359,-2.660161,-2.6603353,0.588956,0.58387136,2.2351742e-08,0.07544374,0.045771282
5984,0.001,-0.01586872,-0.001255488,0.0045078034,2.5358214,-2.7113066,-2.7105443,0.5779559,0.5877392,9.313226e-10,0.07631357,0.058818977
6005,0.001,-0.014806127,0.00037605222,0.002646707,2.4932575,-2.2890074,-2.2898135,0.5876565,0.5822257,-1.8626451e-09,0.07517096,0.041097417
6026,0.001,-0.014983094,-0.0004247371,0.0051190816,2.5208318,-2.3198833,-2.3201468,0.62724715,0.61659855,-1.3969839e-08,0.08015642,0.08163035
6047,0.001,-0.014581638,-4.076585e-05,0.00357665,2.469985,-2.5745518,-2.574662,0.5566641,0.5643756,-1.8626451e-08,0.07400677,0.032037348
6068,0.001,-0.016281921,-0.0009888485,0.0023755836,2.500467,-2.4198482,-2.4195585,0.5900582,0.57378983,1.4901161e-08,0.07487695,0.07603281
6089,0.001,-0.01661881,-0.0007498767,0.003646351,2.557737,-2.4810681,-2.4813209,0.603868,0.60750556,-4.656613e-09,0.0777083,0.040063515
6110,0.001,-0.015237403,-0.0014636125,0.0045525776,2.4650984,-2.422428,-2.422629,0.5725812,0.5801976,1.4901161e-08,0.07504022,0.06766788
6131,0.001,-0.014985299,-0.0012840778,0.004135863,2.43185,-2.3473995,-2.3468723,0.5806394,0.5786684,0.0,0.07520395,0.07344539
6152,0.001,-0.014532435,0.00031311996,0.0036198357,2.5180254,-2.5698876,-2.5695934,0.58529353,0.5789064,-1.3038516e-08,0.07578116,0.037623122
6173,0.001,-0.016622037,-0.00018825987,0.0022959355,2.6227489,-2.6165004,-2.6164274,0.56836194,0.5722877,1.071021e-08,0.07456787,0.053190745
6194,0.001,-0.014790181,-0.0011348911,0.0047059916,2.4517343,-2.7336593,-2.7325158,0.5792334,0.5728092,3.7252903e-09,0.07492535,0.054084167
6215,0.001,-0.013889084,-0.0011705756,0.004753233,2.3837454,-2.2883072,-2.288169,0.60172486,0.60076743,1.1175871e-08,0.07778765,0.045899812
6236,0.001,-0.015163849,-0.00031976216,0.0041026645,2.5702114,-2.5903869,-2.5906281,0.57595885,0.5786023,4.656613e-09,0.07377795,0.036522605
6257,0.001,-0.015633287,-0.0015457086,0.0038602331,2.4606042,-2.32558,-2.3259509,0.5760647,0.57384187,3.7252903e-09,0.07505486,0.05252788
6278,0.001,-0.0149636865,-0.00069282297,0.0031760563,2.404731,-2.3333507,-2.3341832,0.57716876,0.5820951,6.519258e-09,0.07468319,0.02828234
6299,0.001,-0.016160557,-0.0011435077,0.0039273123,2.5789616,-2.770654,-2.7702947,0.5980354,0.57988024,5.5879354e-08,0.07610414,0.074572764
6320,0.001,-0.015309516,-0.0007082019,0.002026944,2.3914857,-2.1244504,-2.1244538,0.57415706,0.5826047,-7.450581e-09,0.074960634,0.05050817
6341,0.001,-0.016510703,-0.0008006934,0.0025435595,2.523948,-2.566929,-2.5668516,0.57510006,0.5850524,-3.7252903e-08,0.07431594,0.052242577
6362,0.001,-0.012861328,-0.00013287924,0.004704466,2.3609831,-2.5309653,-2.5304446,0.60783833,0.6094933,-9.313226e-09,0.0785545,0.033720978
6383,0.001,-0.0134394,0.00025917217,0.003958769,2.423181,-2.4885268,-2.488291,0.57959473,0.5825743,3.7252903e-09,0.074821725,0.029892722
6404,0.001,-0.016349416,-0.0001790747,0.0029681004,2.6167428,-2.4288898,-2.4284036,0.57479244,0.56338453,-2.2351742e-08,0.073701926,0.04887812
6425,0.001,-0.015485042,3.2886863e-05,0.0024487248,2.5214117,-2.3369524,-2.3368654,0.5850666,0.58543324,1.1175871e-08,0.075808585,0.017178418
6446,0.001,-0.014777907,-0.000675112,0.0035815083,2.4151816,-2.844516,-2.8441286,0.5776342,0.5824253,6.0535967e-09,0.07541446,0.06885563
6467,0.001,-0.017196914,-0.00012600422,0.0027005963,2.727892,-2.4985332,-2.4987333,0.56370956,0.56743515,3.7252903e-09,0.07322755,0.02892379
6488,0.001,-0.014238691,-0.00020493008,0.00466203,2.4760973,-2.2600982,-2.2601113,0.5968344,0.5914999,-1.4901161e-08,0.076889,0.029864445
6509,0.001,-0.012560156,-0.00014542043,0.0052398844,2.3538337,-2.4916146,-2.491292,0.594052,0.5759319,-4.4703484e-08,0.07607414,0.068325125
6530,0.001,-0.013873662,-0.0014521247,0.008520422,2.5366058,-2.4648821,-2.4650779,0.5756367,0.60145414,-3.3527613e-08,0.07688611,0.095952645
6551,0.001,-0.012059321,-2.560392e-05,0.0048251506,2.2632544,-2.4194705,-2.419279,0.595533,0.5980706,-1.1175871e-08,0.07726397,0.032836713
6572,0.001,-0.013352208,1.1723489e-05,0.003935838,2.350496,-2.603712,-2.6036098,0.579407,0.5915842,-7.450581e-09,0.07515412,0.045257796
6593,0.001,-0.016133834,-0.0009343326,0.003584248,2.573735,-2.7668002,-2.7658503,0.56903094,0.5626571,7.450581e-09,0.074305944,0.045683842
6614,0.001,-0.013607981,-0.00064396206,0.0048982706,2.3417258,-2.3019505,-2.3022208,0.59041125,0.59107673,1.3038516e-08,0.07538355,0.019529458
6635,0.001,-0.013819971,-0.00058332086,0.0043088887,2.371483,-2.3144312,-2.3147836,0.5811714,0.58114415,-5.5879354e-09,0.07522788,0.042040356
6656,0.001,-0.014656846,-0.0008263178,0.0024384789,2.3336225,-2.4248414,-2.4246273,0.57579416,0.57448035,2.9802322e-08,0.07510828,0.05620196
6677,0.001,-0.01658928,-0.002201859,0.0031883575,2.4426565,-2.7331443,-2.7309794,0.5783136,0.5717648,-1.8626451e-09,0.07454093,0.06416107
6698,0.001,-0.01619886,-0.0015944252,0.0031189006,2.4547696,-2.6976736,-2.696266,0.57695645,0.5771897,4.656613e-09,0.075379886,0.031385045
6719,0.001,-0.013358096,-0.0011503622,0.002768681,2.2344427,-2.0089602,-2.010063,0.5758261,0.5779114,-5.5879354e-09,0.07434118,0.036656078
6740,0.001,-0.014594176,-0.0004298985,0.0026595583,2.39148,-2.308234,-2.3076081,0.57178307,0.58180785,-1.1175871e-08,0.075582586,0.052161835
6761,0.001,-0.0135624325,-0.0002140184,0.002139186,2.3173761,-2.3851414,-2.384941,0.57468265,0.57184374,0.0,0.07386291,0.029339908
6782,0.001,-0.015012201,-0.0008355398,0.0017406882,2.3653123,-2.5880322,-2.5900185,0.56951743,0.57444364,-1.9557774e-08,0.07429103,0.04182916
6803,0.001,-0.010812174,9.005144e-05,0.003904665,2.090407,-2.4370003,-2.4370625,0.5968943,0.59739864,0.0,0.07665847,0.053346913
6824,0.001,-0.013459577,-7.209554e-05,0.005656408,2.4264462,-2.5089865,-2.5087662,0.6139355,0.60681546,-3.7252903e-09,0.07912007,0.03212544
6845,0.001,-0.017333273,-0.002038218,0.003838482,2.5521917,-2.4590192,-2.4594846,0.5860841,0.5788204,-1.3969839e-08,0.0763724,0.06901839
6866,0.001,-0.013988841,-0.000207901,0.0031043207,2.3902645,-2.4451118,-2.4451125,0.5649908,0.56778234,0.0,0.073630184,0.02606115
6887,0.001,-0.015267724,-0.0010553934,0.0030412376,2.421946,-2.2330933,-2.2334886,0.6150818,0.5985709,1.1175871e-08,0.07821944,0.07993688
6908,0.001,-0.014393256,-0.00068289787,0.003871157,2.4238155,-2.4355667,-2.4358923,0.5719749,0.5761783,7.450581e-09,0.07436243,0.035213865
6929,0.001,-0.015481028,-9.6581876e-05,0.0036617662,2.6551714,-2.4808788,-2.4815226,0.58814466,0.5826503,-1.8626451e-09,0.07512558,0.047689363
6950,0.001,-0.012580421,-0.0007048771,0.005192856,2.3034353,-2.2798371,-2.2796721,0.6095771,0.59138155,-3.7252903e-09,0.07748842,0.08100039
6971,0.001,-0.013271375,-0.0016468875,0.0043631764,2.249006,-2.4524107,-2.4513037,0.60125816,0.5981858,7.450581e-09,0.07830657,0.0566971
6992,0.001,-0.014648401,-0.0011139791,0.0035228387,2.3662925,-2.5027795,-2.5021477,0.5822568,0.59101236,1.8626451e-09,0.07629947,0.052958567
7013,0.001,-0.015062462,-0.00025278376,0.002792329,2.4860206,-2.3969011,-2.397035,0.6036365,0.5834801,1.3969839e-09,0.07647039,0.08730378
7034,0.001,-0.011756991,-0.0007466469,0.004855606,2.1505814,-2.0424364,-2.0429013,0.5840221,0.58699495,-9.313226e-09,0.07679465,0.038214017
7055,0.001,-0.012195667,8.7510794e-05,0.0052413424,2.3947186,-2.6614985,-2.6610057,0.6136538,0.6149868,-5.5879354e-09,0.078727216,0.017163705
7076,0.001,-0.015598118,-0.0011436418,0.0030954771,2.4552078,-2.409646,-2.4092345,0.6102729,0.61693174,1.4901161e-08,0.07895902,0.056805376
7097,0.001,-0.014588754,-0.00049445406,0.0036518474,2.4848747,-2.5166402,-2.5166225,0.5765878,0.5779603,2.2351742e-08,0.075938,0.0229368
7118,0.001,-0.013123505,-0.0011842027,0.002955061,2.1945057,-2.1873462,-2.187411,0.62129074,0.6208674,-6.519258e-09,0.08013367,0.038230695
7139,0.001,-0.014716317,-0.0003227992,0.0026999053,2.4171562,-2.4702048,-2.470002,0.5854769,0.5805919,9.313226e-10,0.075079195,0.02153093
7160,0.001,-0.013837298,-0.00067361817,0.003943676,2.3585362,-2.360078,-2.3601718,0.5771793,0.5801182,-7.450581e-09,0.075378865,0.03190196
7181,0.001,-0.012582208,-0.0001805611,0.00402522,2.2863195,-2.4362571,-2.436096,0.5922841,0.58526874,-3.7252903e-09,0.07613062,0.04759642
7202,0.001,-0.013561566,-0.00081549585,0.003801201,2.289394,-2.4470108,-2.4476132,0.58176684,0.58454114,0.0,0.07550764,0.06945804
7223,0.001,-0.011486833,0.00019325316,0.0042558215,2.197633,-2.2436743,-2.2438242,0.5722693,0.5835134,0.0,0.07447781,0.04261544
7244,0.001,-0.012705604,-0.00019854493,0.005162142,2.4039292,-2.3640838,-2.3644745,0.6023531,0.5846894,-1.4901161e-08,0.07652876,0.06536017
7265,0.001,-0.0115741985,-7.854961e-05,0.005960688,2.3019962,-2.4324493,-2.4321892,0.59290767,0.60775954,2.2351742e-08,0.07771845,0.061047573
7286,0.001,-0.014654865,-0.0003999062,0.0034991691,2.4493709,-2.7009254,-2.700937,0.5846278,0.59471065,1.1175871e-08,0.076412514,0.063637674
7307,0.001,-0.013628393,-0.00094018504,0.003411014,2.293519,-2.1250732,-2.1253603,0.5810015,0.5851421,-1.4901161e-08,0.07513666,0.04978694
7328,0.001,-0.012220548,-0.0008885097,0.004727364,2.2312443,-2.1446078,-2.1446254,0.6245868,0.6198935,-5.5879354e-09,0.079667956,0.043005697
7349,0.001,-0.015550941,-0.0013370402,0.0028818005,2.4843457,-2.6637685,-2.6630285,0.58260906,0.5851685,-3.7252903e-09,0.07574974,0.048223272
7370,0.001,-0.010800364,0.0007075947,0.0040974617,2.2522666,-2.3141766,-2.3140168,0.60987866,0.5998594,-8.381903e-09,0.07837987,0.059125684
7391,0.001,-0.014062527,2.3059547e-05,0.0024968595,2.4170802,-2.523752,-2.5236394,0.5680374,0.58299303,-1.1175871e-08,0.07502673,0.04987089
7412,0.001,-0.013654065,-0.000338234,0.0033917732,2.3813214,-2.2879786,-2.2880125,0.5689258,0.5794751,1.8626451e-08,0.074577324,0.042300746
7433,0.001,-0.01370415,-0.0009550308,0.0031757087,2.2824075,-2.195368,-2.1958537,0.5734644,0.579533,2.2817403e-08,0.074741505,0.046574675
7454,0.001,-0.011951767,-3.0206516e-05,0.0034049514,2.1786995,-1.9345803,-1.9352806,0.61471903,0.6018897,1.1175871e-08,0.07850474,0.04912741
7475,0.001,-0.01397128,-0.0011195522,0.005462699,2.4663904,-2.565341,-2.5645497,0.58234036,0.58970594,3.7252903e-09,0.07544664,0.046699133
7496,0.001,-0.011793147,-0.00023092702,0.005252541,2.2827969,-2.1874664,-2.1876807,0.587368,0.5915979,-2.2351742e-08,0.07659531,0.031097597
7517,0.001,-0.013250228,-0.0010718629,0.0037764544,2.2776265,-2.4489722,-2.4484136,0.5807874,0.5930663,1.1175871e-08,0.0759647,0.06460491
7538,0.001,-0.0150594,-0.001838977,0.0031749145,2.367217,-2.4160142,-2.4157786,0.57741064,0.58616346,4.656613e-10,0.07467195,0.06140328
7559,0.001,-0.011584222,-0.0004707966,0.0064513604,2.2690272,-2.4389985,-2.4390082,0.621357,0.6100051,-3.7252903e-09,0.07909769,0.051923234
7580,0.001,-0.014353202,-0.0006473744,0.0032146175,2.403959,-2.4061866,-2.4061856,0.5839253,0.5853149,-1.3969839e-08,0.07609285,0.03525432
7601,0.001,-0.0130569935,-0.000121092424,0.0033164686,2.3174121,-2.0631287,-2.063786,0.58157265,0.57421756,-1.8626451e-09,0.07550739,0.045442637
7622,0.001,-0.013304883,-0.0002609007,0.0028447404,2.2912874,-2.2174177,-2.2175624,0.5917266,0.5946679,1.6763806e-08,0.077096134,0.035471875
7643,0.001,-0.012977112,-0.00081472285,0.003664156,2.253576,-2.4035687,-2.4028072,0.5935915,0.5874205,1.3969839e-08,0.07633212,0.041219752
7664,0.001,-0.010442519,-0.00044940785,0.004189205,2.0973618,-2.0905669,-2.0905032,0.6194719,0.6036072,1.6763806e-08,0.079545915,0.06424552
7685,0.001,-0.012889582,-0.0010018423,0.0038989084,2.2654293,-2.2198246,-2.2197275,0.5947934,0.5903478,-1.8626451e-08,0.07627845,0.051551655
7706,0.001,-0.014147722,-0.0006877789,0.0041104313,2.4150093,-2.246374,-2.2466989,0.61063313,0.60312074,-6.519258e-09,0.07803298,0.04923104
7727,0.001,-0.01164705,0.00021152571,0.0023953598,2.162667,-2.260935,-2.2606277,0.5865097,0.5790466,0.0,0.07486093,0.046769116
7748,0.001,-0.010939689,-0.0009285845,0.0059501147,2.1386886,-2.3769615,-2.376657,0.59642065,0.60102224,1.1175871e-08,0.076961555,0.052768804
7769,0.001,-0.012264704,0.0001888629,0.0045093996,2.352429,-2.534782,-2.5339875,0.5910641,0.5771775,-1.8626451e-08,0.07540664,0.051838886
7790,0.001,-0.0111674545,-0.00017501973,0.004385598,2.17165,-2.3841279,-2.3832958,0.6262578,0.61237264,-3.1664968e-08,0.08057938,0.045508068
7811,0.001,-0.012968259,0.000108362176,0.002708201,2.3088813,-2.3061173,-2.3061001,0.5786674,0.5808326,-1.1175871e-08,0.07480445,0.020712795
7832,0.001,-0.011654914,-0.00049017,0.003373336,2.1030073,-2.0913672,-2.0912623,0.5801022,0.5860973,3.7252903e-09,0.07615343,0.03497843
7853,0.001,-0.012557895,-0.00084052794,0.002820687,2.1910646,-2.3333042,-2.3324306,0.58765143,0.58188474,1.9557774e-08,0.07500377,0.03799611
7874,0.001,-0.010900883,-0.0010931157,0.0037692783,2.0171974,-1.8525896,-1.8533739,0.59939665,0.6051764,3.7252903e-09,0.07756707,0.04449604
7895,0.001,-0.012864287,-0.0014452115,0.0047597,2.2815003,-2.3059082,-2.3055496,0.6001971,0.60348266,7.450581e-09,0.0773616,0.049768865
7916,0.001,-0.009908737,-0.00043508038,0.0039825398,1.9770874,-2.1786501,-2.1780975,0.5797399,0.5774793,1.6763806e-08,0.07600302,0.03309022
7937,0.001,-0.01345357,-0.00045505725,0.0024409438,2.2490318,-2.57984,-2.579848,0.5931097,0.588658,1.4901161e-08,0.07652733,0.036908798
7958,0.001,-0.011153019,-1.5027821e-05,0.0046547595,2.1943324,-2.039912,-2.0399344,0.5943477,0.5911912,5.5879354e-09,0.07746859,0.019356022
7979,0.001,-0.014642639,-0.0007781959,0.005494035,2.5357547,-2.3335106,-2.3339763,0.57982236,0.5795819,-3.259629e-09,0.075800166,0.034864902
8000,0.001,-0.011362965,-0.00046166964,0.0045021847,2.176712,-2.322376,-2.3218284,0.597149,0.60048765,-1.1175871e-08,0.0771792,0.028461134
8021,0.001,-0.0132144755,-0.0003522113,0.0024642497,2.2879004,-2.3121026,-2.3121216,0.59091526,0.5821288,-1.1175871e-08,0.07639972,0.0379653
8042,0.001,-0.012340637,-0.0011272058,0.003882886,2.1916537,-2.2096722,-2.2097173,0.57762945,0.5802892,-1.4901161e-08,0.07464455,0.056480084
8063,0.001,-0.008415302,-0.00037545804,0.0064298995,1.9615457,-1.7946748,-1.7929202,0.56893575,0.5771338,1.071021e-08,0.07456494,0.031733204
8084,0.001,-0.012388499,-0.00025589392,0.004812317,2.3526971,-2.2636278,-2.263668,0.59409356,0.6052407,-7.450581e-09,0.077639,0.043534636
8105,0.001,-0.012794466,-0.0006153416,0.0043731593,2.3339937,-2.2158704,-2.2161078,0.6046579,0.6035053,-1.1175871e-08,0.07757644,0.041538153
8126,0.001,-0.010164831,-0.000117437914,0.0046102735,2.128442,-2.1773312,-2.1772444,0.59680355,0.59439147,2.0489097e-08,0.0769297,0.028203081
8147,0.001,-0.013492645,-0.00048836693,0.0028204513,2.330325,-2.5799959,-2.57934,0.6087966,0.605314,-3.7252903e-09,0.07837948,0.026367394
8168,0.001,-0.011600728,-0.0006441325,0.0032794117,2.115004,-1.9636681,-1.9642332,0.6040536,0.60535413,-1.8626451e-08,0.078435585,0.028940583
8189,0.001,-0.010327228,-0.0009790156,0.0036443342,1.9852074,-1.907784,-1.9077348,0.61015713,0.609422,9.313226e-10,0.07835016,0.040421866
8210,0.001,-0.011685411,-0.0009765448,0.0032883927,2.1093738,-2.371889,-2.3720896,0.59034234,0.5917558,-1.1175871e-08,0.07659925,0.050192237
8231,0.001,-0.01209361,-0.00069552846,0.00373975,2.223456,-2.1086762,-2.1079395,0.59296024,0.5952898,-1.4901161e-08,0.07677,0.032936987
8252,0.001,-0.010509321,0.0008151457,0.003053005,2.1977978,-2.1041937,-2.1039824,0.5961323,0.59505004,-1.4901161e-08,0.076893345,0.03592818
8273,0.001,-0.010105557,-2.9035844e-05,0.003309231,2.0533273,-2.4040022,-2.4040837,0.5951265,0.5934816,-1.8626451e-08,0.07756702,0.023691287
8294,0.001,-0.010922127,-0.00034609437,0.0040407386,2.162506,-2.322899,-2.3234382,0.5850063,0.5905263,0.0,0.07566877,0.028098695
8315,0.001,-0.012193733,-0.001292225,0.004117758,2.116462,-2.3595517,-2.359588,0.5991261,0.5920613,-7.450581e-09,0.07685089,0.053266987
8336,0.001,-0.011435951,-0.00022166967,0.004313948,2.2464821,-2.1338034,-2.133591,0.6161158,0.61411095,3.7252903e-09,0.07866677,0.027438594
8357,0.001,-0.012222787,-0.00065789744,0.0020875419,2.140467,-2.0449865,-2.0450492,0.5865332,0.5874908,-1.8626451e-08,0.076391906,0.038210426
8378,0.001,-0.011950137,-0.0005646199,0.004130191,2.2496707,-2.2586179,-2.2588053,0.6133019,0.60583746,-1.1175871e-08,0.07899362,0.039744057
8399,0.001,-0.01201898,-0.0009881398,0.003520892,2.1325781,-2.0336456,-2.0341198,0.5966527,0.5944433,4.1909516e-09,0.07793324,0.041973557
8420,0.001,-0.012115909,-0.00082314946,0.0021144396,2.038507,-2.2827692,-2.2829607,0.56527525,0.5701623,7.450581e-09,0.07464829,0.0413932
8441,0.001,-0.01277025,-0.00017090142,0.0039940835,2.3551617,-2.1946166,-2.194681,0.5917671,0.5883446,-9.313226e-09,0.075818,0.031645775
8462,0.001,-0.010843176,-0.0005273875,0.0044367495,2.1117022,-2.307651,-2.3079934,0.6031312,0.5974459,-1.8626451e-09,0.07750387,0.057187308
8483,0.001,-0.009491817,-0.00024785846,0.0076415692,2.1726708,-1.8353796,-1.8341099,0.5868325,0.57691914,1.1175871e-08,0.07627284,0.036315817
8504,0.001,-0.009972678,-0.00024480745,0.0048940796,2.064544,-2.1001296,-2.0998993,0.6245771,0.61202776,-1.1175871e-08,0.07920491,0.04490546
8525,0.001,-0.013548417,-0.001638107,0.0034281614,2.2687297,-2.4162076,-2.4164994,0.6016011,0.58602023,-3.1664968e-08,0.0767876,0.067504704
8546,0.001,-0.011848189,-0.0005314695,0.0041021137,2.215153,-1.8959725,-1.8955566,0.58440787,0.5953529,-1.0244548e-08,0.076664574,0.047082316
8567,0.001,-0.013981936,-0.0009474242,0.0025612428,2.3340244,-2.2172246,-2.2174175,0.5920455,0.5941707,8.381903e-09,0.077003255,0.053706888
8588,0.001,-0.013175015,-0.0004831953,0.0040632305,2.35046,-2.2713673,-2.2712507,0.6014545,0.6120372,-1.8626451e-09,0.0794433,0.058214057
8609,0.001,-0.0141071575,-0.00029211398,0.0030030399,2.4865162,-2.5377567,-2.5376365,0.5843933,0.5861691,-1.7695129e-08,0.07527265,0.030576427
8630,0.001,-0.013162636,-0.000254279,0.0032396717,2.3570333,-2.3341517,-2.3341496,0.5792478,0.57575566,9.313226e-09,0.07582546,0.02267771
8651,0.001,-0.011418674,-0.0011689663,0.00443689,2.106663,-1.8983365,-1.8988187,0.6162373,0.604125,1.4901161e-08,0.07993656,0.055188835
8672,0.001,-0.013297271,-0.00095035974,0.0036032829,2.2579107,-2.2442803,-2.244356,0.5913382,0.58728075,2.7939677e-09,0.076902196,0.03584781
8693,0.001,-0.0128576625,-0.0016021924,0.00482409,2.2719302,-2.613282,-2.6116009,0.56867236,0.578877,-1.3969839e-08,0.07480099,0.06444075
8714,0.001,-0.011966577,-0.0001931414,0.0037141643,2.277545,-2.3226736,-2.322607,0.60294485,0.6053424,-1.4901161e-08,0.07715998,0.041604385
8735,0.001,-0.012440499,-0.00011110492,0.0030982047,2.3096747,-2.2577245,-2.257869,0.5688043,0.5670461,2.2351742e-08,0.07276141,0.024703635
8756,0.001,-0.010312021,-0.00021781307,0.0043428577,2.109379,-1.915627,-1.916038,0.59194785,0.5877812,9.313226e-09,0.077261716,0.03171306
8777,0.001,-0.011557247,-0.00030606054,0.0032737574,2.1770246,-2.267992,-2.2676091,0.57782865,0.5759144,0.0,0.07392467,0.029639231
8798,0.001,-0.011777085,-0.0011400133,0.0036040635,2.1394877,-2.2569494,-2.2567503,0.5806388,0.5747663,-7.450581e-09,0.07563743,0.06251522
8819,0.001,-0.012050485,-0.0015344471,0.0035661934,2.1270573,-2.4186404,-2.4178298,0.57919365,0.5813694,1.8626451e-08,0.075058416,0.05993256
8840,0.001,-0.011867506,-4.474912e-05,0.0025450254,2.169969,-2.2410276,-2.2410808,0.58977383,0.5986588,9.313226e-10,0.07631154,0.029787377
8861,0.001,-0.01064206,-0.00014334451,0.0041789673,2.149688,-2.2714763,-2.271719,0.5870423,0.58261406,-9.313226e-10,0.07591336,0.030304154
8882,0.001,-0.011411625,-0.0009937286,0.004875196,2.1740992,-2.3322325,-2.3319461,0.59334594,0.59404385,1.4901161e-08,0.07695773,0.04727729
8903,0.001,-0.011565611,-0.0016460046,0.003744291,2.0539477,-2.315046,-2.314734,0.5823422,0.580034,3.7252903e-09,0.07561265,0.05226364
8924,0.001,-0.012058365,-0.00025381334,0.0031799674,2.182909,-1.9816669,-1.9809437,0.58991176,0.58111036,1.8626451e-09,0.07616408,0.036533937
8945,0.001,-0.011577058,-0.00030263886,0.0035239272,2.1694384,-2.3182633,-2.3180544,0.5944254,0.6047168,1.4901161e-08,0.07811115,0.04247407
8966,0.001,-0.013243529,-0.0007883357,0.0030295032,2.283618,-2.085828,-2.086522,0.6078237,0.6021112,1.1641532e-08,0.07777844,0.04505627
8987,0.001,-0.01088173,-0.00074766437,0.004293299,2.0975564,-1.9414551,-1.9412518,0.5869302,0.59584713,1.7229468e-08,0.076243706,0.048950553
9008,0.001,-0.010932213,-6.3721556e-05,0.0026463335,2.1025503,-1.9480568,-1.9485527,0.57744277,0.58477664,-7.916242e-09,0.07518583,0.038662385
9029,0.001,-0.012060292,-0.0012947507,0.004390769,2.1904514,-1.9897823,-1.9896181,0.59440553,0.60235715,-1.4901161e-08,0.07629135,0.053970307
9050,0.001,-0.011226457,-0.0008170977,0.0026569604,2.0427597,-2.3955119,-2.394741,0.6117377,0.6011337,-1.1175871e-08,0.07847199,0.063769616
9071,0.001,-0.00895962,0.00030169636,0.004421055,1.996014,-2.0714674,-2.071137,0.5919821,0.5872819,1.5832484e-08,0.076761454,0.030806668
9092,0.001,-0.009988895,-0.0009675361,0.006314297,2.0820053,-2.3811116,-2.3805673,0.5901644,0.6099815,-1.4901161e-08,0.07779876,0.065231286
9113,0.001,-0.010068907,-0.00062095,0.004839787,2.1064467,-2.1224642,-2.122322,0.62199616,0.60941875,2.9802322e-08,0.07888189,0.050079543
9134,0.001,-0.01280563,-0.0007353779,0.0034098472,2.2350817,-2.346969,-2.346591,0.5988019,0.6053353,-2.7939677e-08,0.07838229,0.046306323
9155,0.001,-0.012085014,-3.633462e-05,0.0026831892,2.225817,-1.9703587,-1.9705452,0.6037911,0.60151386,5.5879354e-09,0.07820848,0.023408353
9176,0.001,-0.008097346,-0.0007245466,0.0073595154,1.9681878,-1.7768512,-1.7767229,0.6607861,0.63432974,2.4214387e-08,0.08309287,0.08948519
9197,0.001,-0.009091531,-0.0001129061,0.0032689732,1.92294,-2.0298808,-2.0296378,0.6002947,0.6022475,1.8626451e-09,0.07826137,0.018019905
9218,0.001,-0.0108741885,-0.00016862154,0.0028037725,2.0547822,-1.8346617,-1.834945,0.59279656,0.60529864,2.6077032e-08,0.078242704,0.04267264
9239,0.001,-0.0103126895,-0.00039613992,0.0018957853,1.9628984,-2.0286806,-2.0280442,0.5797595,0.57402945,3.7252903e-09,0.074797094,0.0401599
9260,0.001,-0.011317641,-6.271154e-05,0.0029590197,2.1468089,-1.9576552,-1.9573653,0.5942152,0.59287876,-1.4901161e-08,0.07685039,0.0286105
9281,0.001,-0.008491782,-0.00032568444,0.005550657,1.9751048,-1.6770424,-1.6765425,0.5909742,0.60253763,6.519258e-09,0.07699156,0.05316742
9302,0.001,-0.011344527,-0.0009906217,0.0036856066,2.1112921,-2.2459135,-2.246062,0.6117883,0.607276,1.8626451e-08,0.077738516,0.052114297
9323,0.001,-0.011396961,-0.00026345346,0.004079109,2.1899889,-2.212383,-2.2124171,0.59722596,0.6027832,-1.4901161e-08,0.077549964,0.042377282
9344,0.001,-0.011527181,-4.0367246e-05,0.0033911774,2.2168925,-2.187152,-2.18747,0.57408977,0.5745818,-1.3038516e-08,0.07442515,0.029697822
9365,0.001,-0.010602924,-0.0008340068,0.0038487162,2.0805345,-2.1231601,-2.1226778,0.6107317,0.62083614,-1.1175871e-08,0.080294386,0.05851452
9386,0.001,-0.009207089,0.00013230741,0.0040954803,2.0306437,-1.8261681,-1.8250986,0.5947125,0.5901761,1.4901161e-08,0.07634755,0.024204386
9407,0.001,-0.011717433,-0.001398636,0.0041816495,2.1681461,-2.135816,-2.1357007,0.60587484,0.6114426,-7.450581e-09,0.07817971,0.0729766
9428,0.001,-0.010546473,-0.00038608536,0.004113817,2.1209164,-2.1589777,-2.1589522,0.6060191,0.6063897,3.7252903e-09,0.07852013,0.028863471
9449,0.001,-0.008867503,5.443208e-05,0.0068569095,2.1166272,-2.190808,-2.1906614,0.6038834,0.59313375,0.0,0.07839787,0.041384947
9470,0.001,-0.01138434,-6.9215894e-05,0.0038680297,2.2363417,-2.1851027,-2.1850276,0.59180355,0.5997752,1.1175871e-08,0.07649277,0.024610369
9491,0.001,-0.011670574,-0.00040787086,0.0033552719,2.1762714,-2.0448925,-2.0453439,0.59615004,0.59432304,3.7252903e-09,0.077374086,0.037730128
9512,0.001,-0.011337127,-0.00038285553,0.005175862,2.2321587,-2.1067157,-2.1063986,0.60610956,0.60174227,-3.3527613e-08,0.07913494,0.025432972
9533,0.001,-0.012599226,-0.0013268376,0.0031483131,2.1802468,-2.284403,-2.283603,0.5942939,0.5899806,-1.3969839e-08,0.076869294,0.04168379
9554,0.001,-0.011130547,-0.0007863417,0.0031392516,2.072324,-2.1141644,-2.11406,0.6058517,0.6146061,0.0,0.07843278,0.04326976
9575,0.001,-0.0088741835,-0.000543274,0.0066250176,2.0458994,-1.7586093,-1.7576523,0.60562557,0.595685,7.450581e-09,0.07767382,0.036535587
9596,0.001,-0.008732182,4.755892e-05,0.005182547,2.0663013,-1.9704665,-1.9703935,0.6087856,0.6044321,1.6763806e-08,0.077889435,0.022356207
9617,0.001,-0.009624539,-0.00059313327,0.006848759,2.1266208,-2.0589283,-2.0585828,0.59935856,0.5992527,-7.450581e-09,0.07762454,0.042554244
9638,0.001,-0.012253381,-0.0012240289,0.0032091553,2.1852427,-2.3002734,-2.2996125,0.6054722,0.6041559,1.8626451e-09,0.07872095,0.060669784
9659,0.001,-0.011696774,-0.00046007708,0.0033697353,2.224845,-2.2054772,-2.20557,0.5952454,0.59917367,-1.4901161e-08,0.077467926,0.02206713
9680,0.001,-0.008762127,-0.00076301396,0.0048996476,1.8995082,-1.5923914,-1.592762,0.6003876,0.61867905,1.4901161e-08,0.07817059,0.06334671
9701,0.001,-0.008612819,-0.0005131308,0.00304914,1.8000239,-1.8146434,-1.8153847,0.6138033,0.6091643,5.5879354e-09,0.07853388,0.038506232
9722,0.001,-0.010652108,-1.673773e-05,0.0027950443,2.1108375,-2.1821215,-2.1818886,0.5967261,0.60581994,2.2351742e-08,0.07768336,0.04137088
9743,0.001,-0.011288439,-0.0013137609,0.003590148,2.0847468,-1.8885835,-1.8880506,0.60276663,0.59702706,2.2351742e-08,0.07732175,0.07468207
9764,0.001,-0.0088054165,-0.00036577508,0.00607648,2.0449822,-2.0341048,-2.0335648,0.5973443,0.6099706,-3.7252903e-09,0.07823369,0.059301246
9785,0.001,-0.008854364,0.0002156049,0.0035470496,1.9739478,-1.7520323,-1.7521169,0.6107912,0.5974313,2.7939677e-08,0.078629896,0.06314944
9806,0.001,-0.0099394005,-2.3009256e-05,0.002386422,1.9536394,-2.0024805,-2.0021548,0.5917519,0.5985907,3.7252903e-09,0.07691474,0.02685524
9827,0.001,-0.011906053,-0.00010981411,0.0034426015,2.244578,-2.108692,-2.10882,0.61949074,0.61168504,9.313226e-09,0.080445096,0.033757813
9848,0.001,-0.011200579,-0.00044763274,0.005184827,2.2722735,-2.0175512,-2.0166068,0.59955657,0.5929058,1.5832484e-08,0.07631015,0.03509038
9869,0.001,-0.010529696,-9.9256635e-05,0.005449947,2.1904674,-2.2598226,-2.2598042,0.58693683,0.6047854,-5.5879354e-09,0.07734345,0.05690045
9890,0.001,-0.012664844,-0.000635311,0.0063620745,2.4359715,-2.303864,-2.303768,0.6246749,0.61700535,-1.4901161e-08,0.080206744,0.054529283
9911,0.001,-0.013379369,-0.0015978217,0.001834885,2.1301107,-2.0267122,-2.0266109,0.59335625,0.58843803,0.0,0.07618335,0.060776476
9932,0.001,-0.012354459,-0.0005758554,0.003826256,2.2603283,-2.643306,-2.6423402,0.5803756,0.5841221,7.450581e-09,0.0759602,0.02666764
9953,0.001,-0.0120861735,-0.00030265562,0.002868812,2.2296576,-2.2460215,-2.2459292,0.58442205,0.5905687,-1.6763806e-08,0.07698189,0.03393307
9974,0.001,-0.008293021,-0.00073000323,0.0053303093,1.8489571,-1.7259493,-1.7264477,0.6262672,0.63066727,-1.3504177e-08,0.080023564,0.040278845
9995,0.001,-0.009342333,-0.00046829693,0.0058325985,2.0427527,-1.9300675,-1.9298906,0.597804,0.6000464,-3.7252903e-09,0.07721143,0.034901604
10016,0.001,-0.009828208,-0.00077086873,0.004740984,2.0560162,-2.2290647,-2.2288804,0.607842,0.5948846,0.0,0.07812959,0.055441353
10037,0.001,-0.01151726,-0.00034475327,0.0028241645,2.125847,-1.9109371,-1.9111402,0.5803595,0.5751197,7.450581e-09,0.074908026,0.038805287
10058,0.001,-0.009034296,-0.0007294677,0.0053925607,1.9896085,-2.6254897,-2.6247873,0.5693393,0.59521854,-7.450581e-09,0.07583928,0.08965747
10079,0.001,-0.010343404,-0.0004243143,0.005232361,2.1489222,-2.0901294,-2.0904794,0.6009989,0.6130949,1.8626451e-08,0.07897082,0.054354083
10100,0.001,-0.010247954,-0.0016463082,0.003681277,1.9333965,-1.90855,-1.9087062,0.6125264,0.61664355,1.8626451e-08,0.07935829,0.04964042
10121,0.001,-0.008411735,0.00097032264,0.0029867922,1.9930294,-2.3366437,-2.3345227,0.60517704,0.60439056,-7.450581e-09,0.07873449,0.060757473
10142,0.001,-0.009562339,-0.00091156736,0.006466209,2.0124342,-2.0053425,-2.0050774,0.5905586,0.602366,1.1175871e-08,0.077920094,0.052999098
10163,0.001,-0.01159448,-0.0008772388,0.0032418724,2.1514118,-2.1670327,-2.1665585,0.6130447,0.61737216,0.0,0.07916212,0.041822363
10184,0.001,-0.010696423,-0.000117219985,0.0024795893,2.0644908,-2.094656,-2.0945745,0.59085226,0.59366906,1.4901161e-08,0.07658129,0.021554852
10205,0.001,-0.008576279,-0.00031299517,0.0026488318,1.7661948,-1.5286621,-1.5282062,0.60006106,0.5939668,2.2351742e-08,0.07739511,0.042014793
10226,0.001,-0.009370774,-0.00017706305,0.004412116,2.022457,-2.0724783,-2.0726736,0.6055187,0.6223387,-7.450581e-09,0.078627534,0.050307468
10247,0.001,-0.0110028405,-0.0013171099,0.0046033966,2.025364,-1.9161955,-1.9154576,0.6341037,0.64772767,2.7939677e-08,0.082463846,0.06445964
10268,0.001,-0.010638597,-0.00033940375,0.00514037,2.203641,-2.269547,-2.2691212,0.59821427,0.6039482,-7.450581e-09,0.07652571,0.024340162
10289,0.001,-0.008216751,-0.00068883784,0.004974441,1.886658,-1.7632129,-1.7634077,0.5996327,0.61044383,-9.313226e-09,0.077157184,0.038492527
10310,0.001,-0.011313937,-0.000420006,0.0027411412,2.0915792,-2.018199,-2.0182424,0.60487205,0.60978514,1.1175871e-08,0.07798088,0.034418743
10331,0.001,-0.009569261,5.456619e-06,0.0035521705,2.0363588,-2.119008,-2.1190357,0.61323327,0.6147444,-7.450581e-09,0.07857476,0.020632714
10352,0.001,-0.009953825,5.8113597e-05,0.002474412,2.0328052,-2.1036968,-2.1036747,0.590363,0.59477353,-1.3038516e-08,0.07669334,0.027497409
10373,0.001,-0.011584252,-0.002033988,0.0043408787,2.0720415,-1.9157729,-1.9148686,0.59087366,0.5897205,2.7939677e-09,0.076505505,0.06915428
10394,0.001,-0.007813222,-0.00040816143,0.004830964,1.8781326,-1.6055629,-1.6052363,0.59114516,0.59187925,1.6763806e-08,0.07634978,0.025608247
10415,0.001,-0.009826803,-0.0003872048,0.003069718,2.0070348,-2.07167,-2.0722108,0.59541374,0.59584785,5.5879354e-09,0.07710709,0.029901164
10436,0.001,-0.009963809,-0.0009824857,0.0045576133,2.0168686,-1.8891581,-1.8882916,0.637977,0.6307277,7.450581e-09,0.08100832,0.039059356
10457,0.001,-0.009831824,-0.0005091531,0.004268955,2.0141425,-2.0183816,-2.0188444,0.60684246,0.6089272,-3.7252903e-09,0.07809416,0.042742193
10478,0.001,-0.0105862105,-0.0002980507,0.0036483419,2.0822427,-2.095193,-2.0950224,0.584736,0.59486574,-3.306195e-08,0.07684055,0.04674224
10499,0.001,-0.012890387,-0.0015955716,0.0040220674,2.2225134,-2.1763523,-2.1757464,0.57567203,0.5820208,-1.4901161e-08,0.07543217,0.04966362
10520,0.001,-0.011636965,-0.0005517397,0.0033779573,2.1642234,-2.0615337,-2.061481,0.5875609,0.59136784,0.0,0.0766728,0.05529933
10541,0.001,-0.012517202,-0.000781605,0.0043904274,2.3012075,-2.5169852,-2.5158405,0.5990468,0.59517765,1.1175871e-08,0.07718119,0.030649688
10562,0.001,-0.010254265,-0.0008668117,0.0048593055,2.0782733,-2.2768714,-2.2754812,0.5980636,0.6075334,0.0,0.0772483,0.043449704
10583,0.001,-0.009496818,0.00017879531,0.00529833,2.1335018,-2.2290049,-2.2289305,0.62115425,0.6101127,-1.8626451e-08,0.080052406,0.052954014
10604,0.001,-0.011083592,-0.00013194978,0.005102085,2.2083924,-2.0835013,-2.0831475,0.59226525,0.589568,1.8626451e-08,0.07716747,0.03218263
10625,0.001,-0.013634334,-0.0011324733,0.002536528,2.245931,-2.580145,-2.5810158,0.60869455,0.61566806,5.5879354e-09,0.07917085,0.049824458
10646,0.001,-0.008620094,-0.00043362752,0.0036515337,1.8612168,-1.7088916,-1.7090365,0.6268038,0.6104357,-1.8626451e-09,0.08013563,0.06945813
10667,0.001,-0.010989474,-0.00032540783,0.0046014814,2.1859376,-2.1655157,-2.165684,0.5760371,0.57076585,-1.1175871e-08,0.07527344,0.03326018
10688,0.001,-0.008426614,-0.00034935214,0.0054794094,1.9406091,-2.0493598,-2.0494664,0.60697,0.6135313,5.5879354e-09,0.07783717,0.042088944
10709,0.001,-0.011307798,-0.00048014335,0.0041533336,2.1554067,-2.381279,-2.3817616,0.60842353,0.59434766,1.3038516e-08,0.07771184,0.06890458
10730,0.001,-0.009746172,8.984655e-05,0.0037554475,2.0605638,-1.9193743,-1.9193276,0.59930784,0.6044167,1.8626451e-09,0.0770926,0.032090403
10751,0.001,-0.009915264,-0.0002630353,0.0040694075,2.0781143,-2.3572056,-2.357228,0.6040068,0.6086567,1.6763806e-08,0.078509375,0.02679728
10772,0.001,-0.011099163,-0.00041168183,0.002009999,2.104133,-2.1106675,-2.1103334,0.59767985,0.59437,5.5879354e-09,0.0774611,0.04791072
10793,0.001,-0.010121113,-0.00066109,0.003751932,2.002364,-2.0112357,-2.0114164,0.59040993,0.59814674,2.2351742e-08,0.077635564,0.06500694
10814,0.001,-0.012394491,-0.0018946622,0.004728704,2.198224,-1.9226683,-1.9204776,0.61065143,0.6113616,9.313226e-10,0.07887836,0.051042903
10835,0.001,-0.009857849,0.0008014431,0.0038072646,2.1443076,-2.1111767,-2.110288,0.6085525,0.61144435,-1.8626451e-08,0.07831796,0.039738428
10856,0.001,-0.011274,-0.00034961104,0.004244283,2.2291708,-2.1909275,-2.1907675,0.63340324,0.6202987,0.0,0.08033439,0.058299772
10877,0.001,-0.0096945325,-0.0007071607,0.0049257646,2.0942824,-2.5259275,-2.5236068,0.5860233,0.56257385,-1.3038516e-08,0.07382012,0.07574591
10898,0.001,-0.009593113,-0.0006286651,0.0062775444,2.0827312,-2.1446877,-2.1450956,0.59313816,0.6026878,-7.450581e-09,0.07692395,0.0492101
10919,0.001,-0.010932824,-0.0008798856,0.0032728154,2.0689409,-2.0795221,-2.0800722,0.5866097,0.58860546,1.21071935e-08,0.0761233,0.060675733
10940,0.001,-0.009004213,-0.000634294,0.004098135,1.9409844,-2.190196,-2.1911213,0.611817,0.6133356,-7.450581e-09,0.07870943,0.03392695
10961,0.001,-0.01137254,-0.00062438473,0.0035301463,2.1435199,-1.9999299,-2.000683,0.6140319,0.6065861,3.7252903e-09,0.07828003,0.03881391
10982,0.001,-0.010722767,-0.001184212,0.004124032,2.0703993,-2.0217814,-2.0221612,0.6017561,0.6103743,1.1175871e-08,0.07968402,0.048788235
11003,0.001,-0.012396493,-0.00026831776,0.0028953752,2.227143,-2.1629913,-2.16286,0.6145725,0.6054589,-2.8871e-08,0.07892485,0.042325046
11024,0.001,-0.011523779,-0.00031228364,0.003276105,2.1560884,-2.3862295,-2.3856905,0.57681036,0.57898486,-1.4901161e-08,0.07538302,0.042271536
11045,0.001,-0.011609566,-0.00020085089,0.004008837,2.2230172,-2.123497,-2.1232479,0.5946803,0.59050524,5.5879354e-09,0.07784894,0.03338496
11066,0.001,-0.009030439,-0.00018308684,0.00500011,2.0255992,-1.958619,-1.9587171,0.62533796,0.61322355,-3.7252903e-09,0.08076413,0.040750876
11087,0.001,-0.009977524,-0.0009572916,0.0038549711,1.9625998,-2.2112842,-2.210666,0.610968,0.6058283,-1.6763806e-08,0.07792108,0.0377151
11108,0.001,-0.010911372,-0.00046859682,0.0030352331,2.0530646,-1.9631759,-1.9631668,0.601629,0.60144734,-1.4901161e-08,0.07815315,0.021393877
11129,0.001,-0.0075864755,-0.00010069087,0.0058453614,1.9198719,-1.9349815,-1.9346979,0.6085572,0.6026425,-1.4901161e-08,0.07753906,0.032109916
11150,0.001,-0.010097465,-0.0002616495,0.0034745047,2.0486248,-2.6285613,-2.6282961,0.5779438,0.56089693,8.381903e-09,0.07362663,0.06363345
11171,0.001,-0.009686253,0.00020600669,0.0037660792,2.0556655,-1.9900873,-1.9893748,0.58785295,0.6085285,-3.7252903e-09,0.07798375,0.063589886
11192,0.001,-0.009626089,-0.0010282062,0.006065991,2.0482001,-1.9955152,-1.9953678,0.6242591,0.6268871,-1.1175871e-08,0.080561474,0.04355529
11213,0.001,-0.01313012,-0.0010031331,0.0035103904,2.3244116,-2.165081,-2.1636953,0.5947122,0.59486705,-9.313226e-09,0.07728108,0.04924405
11234,0.001,-0.009737172,0.0002879873,0.0032088985,2.056805,-2.1209385,-2.1208682,0.60041404,0.60405374,-3.7252903e-09,0.07779364,0.03385226
11255,0.001,-0.01146344,-0.0013263375,0.0029630936,2.0504642,-2.097064,-2.0969367,0.59191906,0.5970092,0.0,0.07669191,0.066278554
11276,0.001,-0.012913718,-0.000900235,0.0037542013,2.2877579,-2.3702831,-2.370534,0.5717741,0.58279526,-7.450581e-09,0.07559163,0.053702477
11297,0.001,-0.009676666,-0.00026647747,0.00401723,2.0489194,-2.067666,-2.0674493,0.5901569,0.59679496,2.6077032e-08,0.07700823,0.030681612
11318,0.001,-0.011796853,-0.00073864684,0.004154062,2.1855159,-2.3292923,-2.3289335,0.6027628,0.60491127,3.7252903e-09,0.07765917,0.047117006
11339,0.001,-0.0129010845,-0.0013724081,0.0034126258,2.2654157,-2.3170485,-2.3167272,0.58132607,0.58122903,-1.4901161e-08,0.07545013,0.03263961
11360,0.001,-0.011031924,-0.00044239312,0.0042072455,2.1626937,-2.0932288,-2.0932407,0.6002363,0.59907925,-1.1175871e-08,0.077607445,0.032770485
11381,0.001,-0.010816742,-0.00083077326,0.004550681,2.0767791,-1.9552042,-1.9550424,0.593563,0.5874407,3.7252903e-09,0.07697396,0.04434739
11402,0.001,-0.00870485,-0.0005796505,0.00643508,2.0040338,-1.9726791,-1.9727304,0.60261214,0.60249084,2.7939677e-09,0.078203894,0.028700154
11423,0.001,-0.008483758,-0.00011325255,0.0051239165,2.0190523,-2.067039,-2.0670376,0.61005867,0.5998844,3.7252903e-09,0.077440985,0.03141831
11444,0.001,-0.010097626,-0.00018517673,0.003098415,2.0589414,-1.8238566,-1.8234167,0.60006326,0.5964922,7.450581e-09,0.07771096,0.03536607
11465,0.001,-0.010197763,-0.00032169744,0.0039184624,2.0692837,-1.9539969,-1.9535123,0.60281724,0.59556407,-1.1175871e-08,0.07800106,0.030719945
11486,0.001,-0.007968318,-0.00037126988,0.0031149697,1.8084657,-1.963596,-1.9631841,0.5991695,0.6061904,-1.0244548e-08,0.07809424,0.048022967
11507,0.001,-0.008471603,-0.00038962625,0.0045300657,1.880698,-1.729569,-1.7295356,0.61004984,0.6154859,-7.450581e-09,0.079721786,0.025594946
11528,0.001,-0.009853207,-0.00010728836,0.004617479,2.0735886,-2.216184,-2.2166865,0.590647,0.5812069,1.3038516e-08,0.0767064,0.03770659
11549,0.001,-0.011331623,-0.0002855286,0.002240421,2.091218,-2.0362198,-2.036495,0.5877928,0.5867272,5.5879354e-09,0.07672954,0.017556924
11570,0.001,-0.009565724,1.8725172e-05,0.0025362084,1.994,-2.3135602,-2.3131747,0.5949087,0.5861884,-1.7695129e-08,0.07651692,0.03798697
11591,0.001,-0.0094741685,-0.0005427785,0.003907034,2.008239,-2.1208127,-2.1207387,0.59483147,0.59187984,-1.6763806e-08,0.076955535,0.03407413
11612,0.001,-0.011663764,-0.0004811231,0.0036796432,2.2114563,-2.0093834,-2.0096023,0.6063361,0.600514,0.0,0.07773426,0.031810936
11633,0.001,-0.011027273,-0.00044454634,0.0040237294,2.154249,-2.133313,-2.1338325,0.5792637,0.58545846,-7.450581e-09,0.07579845,0.039334673
11654,0.001,-0.010019407,-0.0009832159,0.004480329,2.0074875,-2.3317018,-2.331008,0.6067677,0.6013147,7.450581e-09,0.07834424,0.051616352
11675,0.001,-0.010111094,-0.0002290979,0.004278387,2.1307259,-2.1132276,-2.113533,0.6020176,0.6009268,-1.5832484e-08,0.07780886,0.022798982
11696,0.001,-0.007963226,-0.000113312155,0.0033097337,1.8691789,-1.8187478,-1.8187487,0.5785685,0.5821813,1.1175871e-08,0.07627863,0.0215272
11717,0.001,-0.010295809,-0.0011357702,0.0041457666,2.044375,-2.3058238,-2.3054807,0.6165751,0.61078614,0.0,0.07842339,0.06664009
11738,0.001,-0.011598228,-0.00034678355,0.0033287045,2.2012444,-2.3644352,-2.3640132,0.6229077,0.6234131,1.4901161e-08,0.08054072,0.028678572
11759,0.001,-0.009866028,-0.00061562285,0.003371218,1.9620004,-2.2045553,-2.2046084,0.60179573,0.5987056,-6.519258e-09,0.07866276,0.052437007
11780,0.001,-0.0102584325,-0.0006419213,0.0037556682,2.0457664,-1.9545633,-1.9545112,0.59631604,0.59366643,2.3050234e-08,0.07662711,0.03963093
11801,0.001,-0.012544234,-0.0005309982,0.0027647726,2.2535496,-1.9926097,-1.9925103,0.5942602,0.5965191,2.3283064e-08,0.0778026,0.023039319
11822,0.001,-0.0100482255,-7.573888e-05,0.0038266166,2.0902224,-2.0201466,-2.0200837,0.60564476,0.6136254,-7.450581e-09,0.07865514,0.036647104
11843,0.001,-0.011461406,-0.0014887117,0.0029477112,2.0680804,-2.0635698,-2.063454,0.5929409,0.58947253,1.1175871e-08,0.07637603,0.045188457
11864,0.001,-0.009182007,-0.00078039616,0.004621614,1.9800203,-2.0404112,-2.0404034,0.58011353,0.59164536,-9.313226e-09,0.07601303,0.052214913
11885,0.001,-0.01177416,-0.0010255054,0.0035090763,2.107604,-1.9471352,-1.9468807,0.605227,0.59958786,-1.1175871e-08,0.07752268,0.043564223
11906,0.001,-0.01022754,-0.00050492585,0.004365151,2.0865343,-2.1656601,-2.1654165,0.6058882,0.6051797,1.4901161e-08,0.078431234,0.022335866
11927,0.001,-0.008703321,-0.00015616044,0.006185789,2.0457268,-2.1264298,-2.126377,0.6251237,0.6219115,2.7939677e-09,0.08032786,0.025372153
11948,0.001,-0.010223777,-0.00033728592,0.004500024,2.1116188,-2.010302,-2.010318,0.6047869,0.6120235,-2.514571e-08,0.078321576,0.030013986
11969,0.001,-0.008081025,-0.00038151816,0.0037719714,1.8486922,-2.0261266,-2.0258534,0.57873374,0.57199466,1.6763806e-08,0.074536294,0.032876715
11990,0.001,-0.010911826,-0.0012205904,0.0034991992,2.034507,-2.115881,-2.1154954,0.5956795,0.5958152,-1.5832484e-08,0.07766028,0.045463104
12011,0.001,-0.007888404,-0.0010399539,0.003950949,1.7424932,-1.8220305,-1.8229901,0.61358714,0.6079355,-4.1909516e-09,0.07834226,0.0688398
12032,0.001,-0.008369528,-5.5226497e-05,0.0044503775,1.9129993,-1.9280912,-1.92814,0.630458,0.6267953,1.0244548e-08,0.081482515,0.03218607
12053,0.001,-0.0063050827,-0.0006491523,0.0066252514,1.7671168,-1.7224168,-1.7220882,0.6197012,0.62960154,-1.8626451e-09,0.080218166,0.042911585
12074,0.001,-0.01000843,-0.00034099817,0.0024800769,1.9626367,-2.0745463,-2.0743194,0.60247356,0.5956903,-7.450581e-09,0.0773934,0.038179163
12095,0.001,-0.011200209,-0.0003622556,0.003148448,2.1567354,-2.4660916,-2.466024,0.6064326,0.6017161,7.916242e-09,0.07797347,0.03520556
12116,0.001,-0.012728554,-0.0007954091,0.0030091512,2.2080483,-2.130296,-2.1300159,0.615315,0.6055378,1.6763806e-08,0.07870717,0.038275443
12137,0.001,-0.008653575,-0.00030399486,0.0046105166,1.9649386,-2.2538848,-2.253916,0.60182816,0.6045333,1.1175871e-08,0.07760997,0.037974592
12158,0.001,-0.010688868,-0.0010519736,0.0039970824,2.0576508,-2.1554775,-2.155646,0.59146774,0.59405375,-1.1175871e-08,0.0769303,0.038793888
12179,0.001,-0.010182276,-0.0011384329,0.0050464906,2.0332227,-2.325077,-2.3243213,0.58107007,0.5785628,1.8626451e-09,0.07542364,0.054607205
12200,0.001,-0.01029939,-0.00053095445,0.006802152,2.2005088,-2.5028057,-2.501939,0.6069316,0.5842973,6.7055225e-08,0.07757595,0.07069313
12221,0.001,-0.0077390373,0.00029747933,0.0044881753,1.9204494,-1.821262,-1.8215759,0.6048158,0.60610884,-1.1175871e-08,0.07789907,0.029555589
12242,0.001,-0.0105839,-0.0004825946,0.0027953954,2.0613394,-2.2178423,-2.2171364,0.60313904,0.59883136,4.656613e-09,0.07761288,0.02760169
12263,0.001,-0.009278755,-0.00030917674,0.005692673,2.0946577,-2.1342425,-2.1342711,0.6197938,0.6114291,-5.5879354e-09,0.07964052,0.03890271
12284,0.001,-0.009769624,-0.0014732033,0.0048598526,1.9929371,-1.864718,-1.8637607,0.6227199,0.62336147,-7.450581e-09,0.07963247,0.055140737
12305,0.001,-0.0074248724,-3.1493604e-05,0.0066268323,1.9936575,-1.8639544,-1.8628974,0.6122173,0.6048065,2.2351742e-08,0.078754894,0.029808013
12326,0.001,-0.01016521,-0.00024857558,0.0034562338,2.0439076,-1.9441327,-1.9436764,0.6109604,0.5992361,1.0244548e-08,0.07785407,0.050928026
12347,0.001,-0.008903694,-0.00016175769,0.0044830157,2.022847,-1.9876773,-1.9877832,0.64143366,0.6280533,9.313226e-10,0.081766844,0.05945382
12368,0.001,-0.009866017,-0.00024980493,0.0041296473,2.0826502,-2.32269,-2.3224907,0.57639086,0.5866095,8.381903e-09,0.07496408,0.05058618
12389,0.001,-0.011864931,-0.002626609,0.0042237644,2.0182254,-1.9275465,-1.9276623,0.6347459,0.63565433,-6.519258e-09,0.08150204,0.060513772
12410,0.001,-0.009845882,-0.00061085913,0.004850438,2.0211387,-2.4732437,-2.474704,0.60594803,0.5932018,-3.7252903e-08,0.07693948,0.055102758
12431,0.001,-0.007867146,-6.6837296e-05,0.0035495458,1.8085902,-1.7709649,-1.7708137,0.5994778,0.6202922,-1.1175871e-08,0.07895799,0.06469891
12452,0.001,-0.009921118,-0.0004422994,0.0038795222,2.0262535,-2.1894655,-2.1885245,0.59707224,0.58545357,9.778887e-09,0.07688962,0.042116985
12473,0.001,-0.009641022,-0.0011513906,0.004857472,1.9963238,-2.2978635,-2.2977748,0.61813265,0.6166946,-4.656613e-10,0.08044304,0.051051214
12494,0.001,-0.009092188,0.00017928332,0.0036891827,2.0424666,-1.8467455,-1.8473437,0.6195855,0.61751306,7.450581e-09,0.080323294,0.015661206
12515,0.001,-0.007615242,-0.00035609305,0.0063827685,1.9460258,-1.9477477,-1.9478171,0.62767744,0.6247239,1.8626451e-09,0.08124019,0.03710882
12536,0.001,-0.008757622,2.4531037e-05,0.0060533127,2.0531433,-1.8694082,-1.8693961,0.6108593,0.6038981,1.3038516e-08,0.078587376,0.042639352
12557,0.001,-0.008147837,-0.00014655106,0.0072661103,2.089209,-2.1204686,-2.1203015,0.60741556,0.61037123,3.7252903e-09,0.07977334,0.024571307
12578,0.001,-0.011490991,-0.0012521185,0.0026426804,2.0539174,-2.041718,-2.0418456,0.60530126,0.60439074,3.7252903e-09,0.07814277,0.045218274
12599,0.001,-0.009391063,-0.0006262148,0.0045603923,2.003035,-1.8815914,-1.8818036,0.6146284,0.61930525,-4.656613e-09,0.07993508,0.034040857
12620,0.001,-0.009045573,-0.00035027042,0.003538926,1.9499346,-1.8297276,-1.8303494,0.6092826,0.60903704,1.1175871e-08,0.078636914,0.017566862
12641,0.001,-0.009278221,-4.5720488e-05,0.0027279416,1.9575737,-1.8835495,-1.8834068,0.60145426,0.59277576,7.450581e-09,0.07789297,0.035869952
